br_rank,g1,g2,Loss,Effective_lr,Effective_lr0,frequency,amplitude,amplitude_mod
25,0.0,0.0,0.0601205080747604,0.0008290050644625,0.0050057900773107,1,2.5,False
25,0.0,0.1111111111111111,0.0597333051264286,0.0007988081068074,0.0050057900773107,1,2.5,False
25,0.0,0.2222222222222222,0.0650101602077484,0.0007110420652236,0.0050057900773107,1,2.5,False
25,0.0,0.3333333333333333,0.0627018213272094,0.0007726358738688,0.0050057900773107,1,2.5,False
25,0.0,0.4444444444444444,0.0265838839113712,0.0010373284753491,0.0050057900773107,1,2.5,False
25,0.0,0.5555555555555556,0.0307640545070171,0.0009534138782478,0.0050057900773107,1,2.5,False
25,0.0,0.6666666666666666,0.0253100730478763,0.0007597637903066,0.0050057900773107,1,2.5,False
25,0.0,0.7777777777777777,0.0310001857578754,0.0004905201706047,0.0050057900773107,1,2.5,False
25,0.0,0.8888888888888888,0.0299014765769243,0.0004226378390879,0.0050057900773107,1,2.5,False
25,0.0,1.0,0.0280127301812171,0.0005204720072842,0.0050057900773107,1,2.5,False
25,0.1111111111111111,0.0,0.0645394474267959,0.0008103535906052,0.0050057900773107,1,2.5,False
25,0.1111111111111111,0.1111111111111111,0.0527712255716323,0.000857339862246,0.0050057900773107,1,2.5,False
25,0.1111111111111111,0.2222222222222222,0.0524485222995281,0.0008929545048788,0.0050057900773107,1,2.5,False
25,0.1111111111111111,0.3333333333333333,0.0352913364768028,0.001060453586326,0.0050057900773107,1,2.5,False
25,0.0,0.0,0.3499176502227783,0.0001936678449749,0.0050057900773107,2,1.0,False
25,0.0,0.1111111111111111,0.3488399386405945,0.0001929352722823,0.0050057900773107,2,1.0,False
25,0.0,0.2222222222222222,0.3507922291755676,0.0002077504650918,0.0050057900773107,2,1.0,False
25,0.0,0.3333333333333333,0.0555954948067665,0.0018128135617746,0.0050057900773107,2,1.0,False
25,0.0,0.4444444444444444,0.0314218029379844,0.0022404152639229,0.0050057900773107,2,1.0,False
25,0.0,0.5555555555555556,0.3354045748710632,0.0002399172605556,0.0050057900773107,2,1.0,False
25,0.0,0.6666666666666666,0.0253156498074531,0.0020659002449402,0.0050057900773107,2,1.0,False
25,0.0,0.7777777777777777,0.0312435682862997,0.0021670060788788,0.0050057900773107,2,1.0,False
25,0.0,0.8888888888888888,0.0258568115532398,0.0015510100366037,0.0050057900773107,2,1.0,False
25,0.0,1.0,0.0199450179934501,0.0012694292251814,0.0050057900773107,2,1.0,False
25,0.1111111111111111,0.0,0.3507490158081054,0.0001977537886178,0.0050057900773107,2,1.0,False
25,0.1111111111111111,0.1111111111111111,0.3416678607463836,0.0002002363632802,0.0050057900773107,2,1.0,False
25,0.1111111111111111,0.2222222222222222,0.2471468150615692,0.0002969770374911,0.0050057900773107,2,1.0,False
25,0.1111111111111111,0.3333333333333333,0.3540917336940765,0.0001752865873709,0.0050057900773107,2,1.0,False
25,0.1111111111111111,0.4444444444444444,0.0226648207753896,0.0026339067142345,0.0050057900773107,2,1.0,False
25,0.1111111111111111,0.5555555555555556,0.0355161614716053,0.0022119849084066,0.0050057900773107,2,1.0,False
25,0.1111111111111111,0.6666666666666666,0.0247339289635419,0.0018894958295965,0.0050057900773107,2,1.0,False
25,0.1111111111111111,0.7777777777777777,0.0177732873708009,0.0028559100932122,0.0050057900773107,2,1.0,False
25,0.1111111111111111,0.8888888888888888,0.0249255374073982,0.002195116789232,0.0050057900773107,2,1.0,False
25,0.1111111111111111,1.0,0.0250990446656942,0.0016154332827812,0.0050057900773107,2,1.0,False
25,0.2222222222222222,0.0,0.3458980917930603,0.0001813622480441,0.0050057900773107,2,1.0,False
25,0.2222222222222222,0.1111111111111111,0.3066472709178924,0.0002368907936438,0.0050057900773107,2,1.0,False
25,0.2222222222222222,0.2222222222222222,0.3315150737762451,0.0001885142314662,0.0050057900773107,2,1.0,False
25,0.2222222222222222,0.3333333333333333,0.0976290106773376,0.0003586096024361,0.0050057900773107,2,1.0,False
25,0.2222222222222222,0.4444444444444444,0.3387362957000732,0.0001792611079087,0.0050057900773107,2,1.0,False
25,0.2222222222222222,0.5555555555555556,0.0235735364258289,0.0017724812338182,0.0050057900773107,2,1.0,False
25,0.2222222222222222,0.6666666666666666,0.3123269975185394,0.0002245853555263,0.0050057900773107,2,1.0,False
25,0.2222222222222222,0.7777777777777777,0.3307960629463196,0.0001233111443392,0.0050057900773107,2,1.0,False
25,0.2222222222222222,0.8888888888888888,0.0386146008968353,0.0017519753289328,0.0050057900773107,2,1.0,False
25,0.2222222222222222,1.0,0.0211503449827432,0.0016079991542541,0.0050057900773107,2,1.0,False
25,0.3333333333333333,0.0,0.3134149312973022,0.0002149201794561,0.0050057900773107,2,1.0,False
25,0.3333333333333333,0.1111111111111111,0.0573648922145366,0.0017727237115565,0.0050057900773107,2,1.0,False
25,0.3333333333333333,0.2222222222222222,0.0675307586789131,0.0013756082799874,0.0050057900773107,2,1.0,False
25,0.3333333333333333,0.3333333333333333,0.0334952175617218,0.0016988957170832,0.0050057900773107,2,1.0,False
25,0.3333333333333333,0.4444444444444444,0.033200703561306,0.0020123398690107,0.0050057900773107,2,1.0,False
25,0.3333333333333333,0.5555555555555556,0.0194508079439401,0.0018851007506773,0.0050057900773107,2,1.0,False
25,0.3333333333333333,0.6666666666666666,0.3311639428138733,0.0001446935976426,0.0050057900773107,2,1.0,False
25,0.3333333333333333,0.7777777777777777,0.0284674651920795,0.0013100545547272,0.0050057900773107,2,1.0,False
25,0.3333333333333333,0.8888888888888888,0.0187540594488382,0.0010021624950544,0.0050057900773107,2,1.0,False
25,0.3333333333333333,1.0,0.0214386563748121,0.0015985686135676,0.0050057900773107,2,1.0,False
25,0.4444444444444444,0.0,0.0242885928601026,0.0026232724243773,0.0050057900773107,2,1.0,False
25,0.4444444444444444,0.1111111111111111,0.0282519534230232,0.0025286596103975,0.0050057900773107,2,1.0,False
25,0.4444444444444444,0.2222222222222222,0.0285065099596977,0.0020933765288364,0.0050057900773107,2,1.0,False
25,0.4444444444444444,0.3333333333333333,0.3321013748645782,0.0001900794661337,0.0050057900773107,2,1.0,False
25,0.4444444444444444,0.4444444444444444,0.0203791670501232,0.0020095956893755,0.0050057900773107,2,1.0,False
25,0.4444444444444444,0.5555555555555556,0.0160628035664558,0.0014972727421296,0.0050057900773107,2,1.0,False
25,0.4444444444444444,0.6666666666666666,0.0227868445217609,0.0007708099649906,0.0050057900773107,2,1.0,False
25,0.4444444444444444,0.7777777777777777,0.0968779474496841,0.0004671518981013,0.0050057900773107,2,1.0,False
25,0.4444444444444444,0.8888888888888888,0.0194514226168394,0.0018002074768046,0.0050057900773107,2,1.0,False
25,0.4444444444444444,1.0,0.0208821818232536,0.000845366534267,0.0050057900773107,2,1.0,False
25,0.5555555555555556,0.0,0.0193106345832347,0.0016938630030233,0.0050057900773107,2,1.0,False
25,0.5555555555555556,0.1111111111111111,0.3197734951972961,0.0001859323095665,0.0050057900773107,2,1.0,False
25,0.5555555555555556,0.2222222222222222,0.3364583551883697,0.0001546745250885,0.0050057900773107,2,1.0,False
25,0.5555555555555556,0.3333333333333333,0.0200116410851478,0.0012347686569951,0.0050057900773107,2,1.0,False
25,0.5555555555555556,0.4444444444444444,0.0173140671104192,0.0013352719911816,0.0050057900773107,2,1.0,False
25,0.5555555555555556,0.5555555555555556,0.0294602923095226,0.002239691350074,0.0050057900773107,2,1.0,False
25,0.5555555555555556,0.6666666666666666,0.0182647835463285,0.0013468458102836,0.0050057900773107,2,1.0,False
25,0.5555555555555556,0.7777777777777777,0.015385678038001,0.001023410597804,0.0050057900773107,2,1.0,False
25,0.5555555555555556,0.8888888888888888,0.0198259446769952,0.0015162054153454,0.0050057900773107,2,1.0,False
25,0.5555555555555556,1.0,0.0188976936042308,0.0011250125809348,0.0050057900773107,2,1.0,False
25,0.6666666666666666,0.0,0.01992192491889,0.0022863682020282,0.0050057900773107,2,1.0,False
25,0.6666666666666666,0.1111111111111111,0.0293490812182426,0.0022925784880263,0.0050057900773107,2,1.0,False
25,0.6666666666666666,0.2222222222222222,0.0251157134771347,0.0016505932176819,0.0050057900773107,2,1.0,False
25,0.6666666666666666,0.3333333333333333,0.0188290569931268,0.0025351092711072,0.0050057900773107,2,1.0,False
25,0.6666666666666666,0.4444444444444444,0.014174954034388,0.0024135677702622,0.0050057900773107,2,1.0,False
25,0.6666666666666666,0.5555555555555556,0.0187654849141836,0.0007848667617711,0.0050057900773107,2,1.0,False
25,0.6666666666666666,0.6666666666666666,0.0184361785650253,0.0010738579073406,0.0050057900773107,2,1.0,False
25,0.6666666666666666,0.7777777777777777,0.028585772961378,0.0018276180457184,0.0050057900773107,2,1.0,False
25,0.6666666666666666,0.8888888888888888,0.0152903320267796,0.0007586770016819,0.0050057900773107,2,1.0,False
25,0.6666666666666666,1.0,0.0192218590527772,0.0010086434692097,0.0050057900773107,2,1.0,False
25,0.7777777777777777,0.0,0.030989121645689,0.0019488429658207,0.0050057900773107,2,1.0,False
25,0.7777777777777777,0.1111111111111111,0.0225737001746892,0.0015489764705915,0.0050057900773107,2,1.0,False
25,0.7777777777777777,0.2222222222222222,0.0188401956111192,0.0014790069381573,0.0050057900773107,2,1.0,False
25,0.7777777777777777,0.3333333333333333,0.0207689329981803,0.0010605473468185,0.0050057900773107,2,1.0,False
25,0.7777777777777777,0.4444444444444444,0.0213899929076433,0.0010448359030207,0.0050057900773107,2,1.0,False
25,0.7777777777777777,0.5555555555555556,0.021344818174839,0.0008464523101661,0.0050057900773107,2,1.0,False
25,0.7777777777777777,0.6666666666666666,0.0176864452660083,0.0014531519567405,0.0050057900773107,2,1.0,False
25,0.7777777777777777,0.7777777777777777,0.0179725214838981,0.0006912198590703,0.0050057900773107,2,1.0,False
25,0.7777777777777777,0.8888888888888888,0.0168607085943222,0.000925150877023,0.0050057900773107,2,1.0,False
25,0.7777777777777777,1.0,0.0189685635268688,0.001262691101019,0.0050057900773107,2,1.0,False
25,0.8888888888888888,0.0,0.0192336849868297,0.0008556627069036,0.0050057900773107,2,1.0,False
25,0.8888888888888888,0.1111111111111111,0.0201226975768804,0.0018102854773198,0.0050057900773107,2,1.0,False
25,0.8888888888888888,0.2222222222222222,0.0263109859079122,0.0015006351799054,0.0050057900773107,2,1.0,False
25,0.8888888888888888,0.3333333333333333,0.0224416274577379,0.0011384417517375,0.0050057900773107,2,1.0,False
25,0.8888888888888888,0.4444444444444444,0.0203847400844097,0.0021270636509688,0.0050057900773107,2,1.0,False
25,0.8888888888888888,0.5555555555555556,0.0161424744874238,0.0007833726742496,0.0050057900773107,2,1.0,False
25,0.8888888888888888,0.6666666666666666,0.0576724819839,0.0014126294829844,0.0050057900773107,2,1.0,False
25,0.8888888888888888,0.7777777777777777,0.0159042235463857,0.0005422170372906,0.0050057900773107,2,1.0,False
25,0.8888888888888888,0.8888888888888888,0.0179873779416084,0.0005737238715128,0.0050057900773107,2,1.0,False
25,0.8888888888888888,1.0,0.0144582614302635,0.0005115665577961,0.0050057900773107,2,1.0,False
25,1.0,0.0,0.0245064180344343,0.0010461424150039,0.0050057900773107,2,1.0,False
25,1.0,0.1111111111111111,0.0228637270629405,0.0016205494889848,0.0050057900773107,2,1.0,False
25,1.0,0.2222222222222222,0.0245701428502798,0.0007459487032619,0.0050057900773107,2,1.0,False
25,1.0,0.3333333333333333,0.0123193208128213,0.0022648352399916,0.0050057900773107,2,1.0,False
25,1.0,0.4444444444444444,0.0144880842417478,0.0009283766872003,0.0050057900773107,2,1.0,False
25,1.0,0.5555555555555556,0.0151620069518685,0.0009262447092342,0.0050057900773107,2,1.0,False
25,1.0,0.6666666666666666,0.0405329354107379,0.0019910876902926,0.0050057900773107,2,1.0,False
25,1.0,0.7777777777777777,0.0196162667125463,0.0006859292159232,0.0050057900773107,2,1.0,False
25,1.0,0.8888888888888888,0.0183940287679433,0.0008140839850608,0.0050057900773107,2,1.0,False
25,1.0,1.0,0.0176922641694545,0.0006728788039489,0.0050057900773107,2,1.0,False
50,0.0,0.0,0.0589570626616478,0.0005398153736123,0.0050057900773107,2,1.0,False
50,0.0,0.1111111111111111,0.0478901751339435,0.0011128045673002,0.0050057900773107,2,1.0,False
50,0.0,0.2222222222222222,0.0394706279039382,0.0020403211175878,0.0050057900773107,2,1.0,False
50,0.0,0.3333333333333333,0.0188141353428363,0.0023707438975274,0.0050057900773107,2,1.0,False
50,0.0,0.4444444444444444,0.0158706828951835,0.0029339100899689,0.0050057900773107,2,1.0,False
50,0.0,0.5555555555555556,0.0166217666119337,0.0021269973067867,0.0050057900773107,2,1.0,False
50,0.0,0.6666666666666666,0.0141404410824179,0.0024902726957148,0.0050057900773107,2,1.0,False
50,0.0,0.7777777777777777,0.0131748532876372,0.0015591604151625,0.0050057900773107,2,1.0,False
50,0.0,0.8888888888888888,0.0140387751162052,0.0014239738185309,0.0050057900773107,2,1.0,False
50,0.0,1.0,0.0131567688658833,0.001275001103976,0.0050057900773107,2,1.0,False
50,0.1111111111111111,0.0,0.0390989668667316,0.0012854456080285,0.0050057900773107,2,1.0,False
50,0.1111111111111111,0.1111111111111111,0.3489708602428436,0.0001711670181177,0.0050057900773107,2,1.0,False
50,0.1111111111111111,0.2222222222222222,0.0482595600187778,0.0009242271485132,0.0050057900773107,2,1.0,False
50,0.1111111111111111,0.3333333333333333,0.0259749051183462,0.0021906563531728,0.0050057900773107,2,1.0,False
50,0.1111111111111111,0.4444444444444444,0.0197735801339149,0.0024796594321677,0.0050057900773107,2,1.0,False
50,0.1111111111111111,0.5555555555555556,0.0133586851879954,0.0028617691095931,0.0050057900773107,2,1.0,False
50,0.1111111111111111,0.6666666666666666,0.0143139902502298,0.0022844018872707,0.0050057900773107,2,1.0,False
50,0.1111111111111111,0.7777777777777777,0.0158414226025342,0.0015575392217219,0.0050057900773107,2,1.0,False
50,0.1111111111111111,0.8888888888888888,0.0137906782329082,0.0013855714163864,0.0050057900773107,2,1.0,False
50,0.1111111111111111,1.0,0.0116753745824098,0.0012400980416051,0.0050057900773107,2,1.0,False
50,0.2222222222222222,0.0,0.0410646423697471,0.0014046174367798,0.0050057900773107,2,1.0,False
50,0.2222222222222222,0.1111111111111111,0.2500336766242981,0.0003613680622594,0.0050057900773107,2,1.0,False
50,0.2222222222222222,0.2222222222222222,0.0267227739095687,0.0022911602735009,0.0050057900773107,2,1.0,False
50,0.2222222222222222,0.3333333333333333,0.029241831973195,0.0015059161040104,0.0050057900773107,2,1.0,False
50,0.2222222222222222,0.4444444444444444,0.0156584829092025,0.0026738414117322,0.0050057900773107,2,1.0,False
50,0.2222222222222222,0.5555555555555556,0.0144624756649136,0.0018617940799518,0.0050057900773107,2,1.0,False
50,0.2222222222222222,0.6666666666666666,0.0150946760550141,0.0014852647097041,0.0050057900773107,2,1.0,False
50,0.2222222222222222,0.7777777777777777,0.0146160116419196,0.0013711753714832,0.0050057900773107,2,1.0,False
50,0.2222222222222222,0.8888888888888888,0.0173746459186077,0.001422500198934,0.0050057900773107,2,1.0,False
50,0.2222222222222222,1.0,0.0125318337231874,0.0008273997714674,0.0050057900773107,2,1.0,False
50,0.3333333333333333,0.0,0.0228075105696916,0.0027456640626181,0.0050057900773107,2,1.0,False
50,0.3333333333333333,0.1111111111111111,0.0317363515496254,0.0021386758617673,0.0050057900773107,2,1.0,False
50,0.3333333333333333,0.2222222222222222,0.0206863600760698,0.0016155975321091,0.0050057900773107,2,1.0,False
50,0.3333333333333333,0.3333333333333333,0.0147476838901638,0.0016261668316798,0.0050057900773107,2,1.0,False
50,0.3333333333333333,0.4444444444444444,0.0177587047219276,0.0020067516849661,0.0050057900773107,2,1.0,False
50,0.3333333333333333,0.5555555555555556,0.0175156444311141,0.0009613907321349,0.0050057900773107,2,1.0,False
50,0.3333333333333333,0.6666666666666666,0.0130007527768611,0.0015542134360929,0.0050057900773107,2,1.0,False
50,0.3333333333333333,0.7777777777777777,0.0135190738365054,0.0007775600237242,0.0050057900773107,2,1.0,False
50,0.3333333333333333,0.8888888888888888,0.0162373576313257,0.0012850519055545,0.0050057900773107,2,1.0,False
50,0.3333333333333333,1.0,0.0114644886925816,0.0013802995982397,0.0050057900773107,2,1.0,False
50,0.4444444444444444,0.0,0.0162005182355642,0.0023822817688134,0.0050057900773107,2,1.0,False
50,0.4444444444444444,0.1111111111111111,0.0184655357152223,0.002899754449071,0.0050057900773107,2,1.0,False
50,0.4444444444444444,0.2222222222222222,0.0159354694187641,0.0024134902342338,0.0050057900773107,2,1.0,False
50,0.4444444444444444,0.3333333333333333,0.0212751999497413,0.0014482309085736,0.0050057900773107,2,1.0,False
50,0.4444444444444444,0.4444444444444444,0.0150975277647376,0.0022100884076593,0.0050057900773107,2,1.0,False
50,0.4444444444444444,0.5555555555555556,0.0158240795135498,0.0021072160829518,0.0050057900773107,2,1.0,False
50,0.4444444444444444,0.6666666666666666,0.0126313474029302,0.0016393299277766,0.0050057900773107,2,1.0,False
50,0.4444444444444444,0.7777777777777777,0.0116191720589995,0.0009100640247342,0.0050057900773107,2,1.0,False
50,0.4444444444444444,0.8888888888888888,0.012366316281259,0.0009323116308014,0.0050057900773107,2,1.0,False
50,0.4444444444444444,1.0,0.0147678293287754,0.0006747935069616,0.0050057900773107,2,1.0,False
50,0.5555555555555556,0.0,0.0136370500549674,0.0013395823454524,0.0050057900773107,2,1.0,False
50,0.5555555555555556,0.1111111111111111,0.0154300080612301,0.0017854145210578,0.0050057900773107,2,1.0,False
50,0.5555555555555556,0.2222222222222222,0.0174397584050893,0.0022649177600401,0.0050057900773107,2,1.0,False
50,0.5555555555555556,0.3333333333333333,0.0154534699395298,0.0018163819113745,0.0050057900773107,2,1.0,False
50,0.5555555555555556,0.4444444444444444,0.0129031119868159,0.0008559547068142,0.0050057900773107,2,1.0,False
50,0.5555555555555556,0.5555555555555556,0.0129166198894381,0.0014164184333431,0.0050057900773107,2,1.0,False
50,0.5555555555555556,0.6666666666666666,0.0104839466512203,0.0008121947246149,0.0050057900773107,2,1.0,False
50,0.5555555555555556,0.7777777777777777,0.0123025421053171,0.0023852672710786,0.0050057900773107,2,1.0,False
50,0.5555555555555556,0.8888888888888888,0.0128939375281333,0.0011143994941107,0.0050057900773107,2,1.0,False
50,0.5555555555555556,1.0,0.012653368525207,0.0007320131763631,0.0050057900773107,2,1.0,False
50,0.6666666666666666,0.0,0.0171446520835161,0.0014251793462552,0.0050057900773107,2,1.0,False
50,0.6666666666666666,0.1111111111111111,0.014831674285233,0.0014302461744921,0.0050057900773107,2,1.0,False
50,0.6666666666666666,0.2222222222222222,0.0227703675627708,0.0016512854496772,0.0050057900773107,2,1.0,False
50,0.6666666666666666,0.3333333333333333,0.0136646041646599,0.0017481513123033,0.0050057900773107,2,1.0,False
50,0.6666666666666666,0.4444444444444444,0.0127659980207681,0.0017749180409465,0.0050057900773107,2,1.0,False
50,0.6666666666666666,0.5555555555555556,0.0152345169335603,0.0011778014332849,0.0050057900773107,2,1.0,False
50,0.6666666666666666,0.6666666666666666,0.0126590821892023,0.0009227734510003,0.0050057900773107,2,1.0,False
50,0.6666666666666666,0.7777777777777777,0.0124724712222814,0.0006789375630485,0.0050057900773107,2,1.0,False
50,0.6666666666666666,0.8888888888888888,0.0123789785429835,0.0007980449639898,0.0050057900773107,2,1.0,False
50,0.6666666666666666,1.0,0.0156707391142845,0.0017264153061137,0.0050057900773107,2,1.0,False
50,0.7777777777777777,0.0,0.013638125732541,0.0010497403674456,0.0050057900773107,2,1.0,False
50,0.7777777777777777,0.1111111111111111,0.0151646165177226,0.0014686338767204,0.0050057900773107,2,1.0,False
50,0.7777777777777777,0.2222222222222222,0.0142692252993583,0.0012105152069773,0.0050057900773107,2,1.0,False
50,0.7777777777777777,0.3333333333333333,0.0145679088309407,0.0011112086882228,0.0050057900773107,2,1.0,False
50,0.7777777777777777,0.4444444444444444,0.0142474975436925,0.0011236354365065,0.0050057900773107,2,1.0,False
50,0.7777777777777777,0.5555555555555556,0.0115433689206838,0.0006301412513803,0.0050057900773107,2,1.0,False
50,0.7777777777777777,0.6666666666666666,0.0120091270655393,0.0007918535955109,0.0050057900773107,2,1.0,False
50,0.7777777777777777,0.7777777777777777,0.0136221554130315,0.0004521343651539,0.0050057900773107,2,1.0,False
50,0.7777777777777777,0.8888888888888888,0.0116984210908412,0.0006106670806424,0.0050057900773107,2,1.0,False
50,0.7777777777777777,1.0,0.0137803433462977,0.0009218777436441,0.0050057900773107,2,1.0,False
50,0.8888888888888888,0.0,0.0148577876389026,0.0009981913706856,0.0050057900773107,2,1.0,False
50,0.8888888888888888,0.1111111111111111,0.0133361658081412,0.0013402961339762,0.0050057900773107,2,1.0,False
50,0.8888888888888888,0.2222222222222222,0.0134329069405794,0.0018517099495003,0.0050057900773107,2,1.0,False
50,0.8888888888888888,0.3333333333333333,0.0118695935234427,0.0010026422476174,0.0050057900773107,2,1.0,False
50,0.8888888888888888,0.4444444444444444,0.0138641856610775,0.0008017025286079,0.0050057900773107,2,1.0,False
50,0.8888888888888888,0.5555555555555556,0.0146813653409481,0.0006510784334078,0.0050057900773107,2,1.0,False
50,0.8888888888888888,0.6666666666666666,0.0138691160827875,0.0006686817303843,0.0050057900773107,2,1.0,False
50,0.8888888888888888,0.7777777777777777,0.0118836546316742,0.000749764416246,0.0050057900773107,2,1.0,False
50,0.8888888888888888,0.8888888888888888,0.0127239916473627,0.000814131060161,0.0050057900773107,2,1.0,False
50,0.8888888888888888,1.0,0.0133295189589262,0.0006057538244637,0.0050057900773107,2,1.0,False
50,1.0,0.0,0.0135568138211965,0.0012644052425877,0.0050057900773107,2,1.0,False
50,1.0,0.1111111111111111,0.0150150693953037,0.0013259424669199,0.0050057900773107,2,1.0,False
50,1.0,0.2222222222222222,0.0128349903970956,0.000796037131067,0.0050057900773107,2,1.0,False
50,1.0,0.3333333333333333,0.0142869837582111,0.0013217896488688,0.0050057900773107,2,1.0,False
50,1.0,0.4444444444444444,0.0123297497630119,0.0007752395063112,0.0050057900773107,2,1.0,False
50,1.0,0.5555555555555556,0.3414779901504516,-1.6393051458269243e-05,0.0050057900773107,2,1.0,False
50,1.0,0.6666666666666666,0.0163241811096668,0.0007090404041224,0.0050057900773107,2,1.0,False
50,1.0,0.7777777777777777,0.0133683457970619,0.0005192963042178,0.0050057900773107,2,1.0,False
50,1.0,0.8888888888888888,0.0144952507689595,0.0006157583196374,0.0050057900773107,2,1.0,False
50,1.0,1.0,0.0155808851122856,0.002580160865018,0.0050057900773107,2,1.0,False
75,0.0,0.0,0.0238861348479986,0.0025098270761182,0.0050057900773107,2,1.0,False
75,0.0,0.1111111111111111,0.0229642819613218,0.0025963005540394,0.0050057900773107,2,1.0,False
75,0.0,0.2222222222222222,0.021866476163268,0.0026114889488831,0.0050057900773107,2,1.0,False
75,0.0,0.3333333333333333,0.0176875535398721,0.0026525978744047,0.0050057900773107,2,1.0,False
75,0.0,0.4444444444444444,0.013425444252789,0.0019311592157269,0.0050057900773107,2,1.0,False
75,0.0,0.5555555555555556,0.0133475745096802,0.0014134314804985,0.0050057900773107,2,1.0,False
75,0.0,0.6666666666666666,0.0138438632711768,0.0015450670597202,0.0050057900773107,2,1.0,False
75,0.0,0.7777777777777777,0.0130791552364826,0.0015533916132486,0.0050057900773107,2,1.0,False
75,0.0,0.8888888888888888,0.0119794514030218,0.0009877677253774,0.0050057900773107,2,1.0,False
75,0.0,1.0,0.0109028313308954,0.000713686668224,0.0050057900773107,2,1.0,False
75,0.1111111111111111,0.0,0.0262452512979507,0.0024009953016035,0.0050057900773107,2,1.0,False
75,0.1111111111111111,0.1111111111111111,0.0245090182870626,0.0023473110395352,0.0050057900773107,2,1.0,False
75,0.1111111111111111,0.2222222222222222,0.0154112111777067,0.0029552702775313,0.0050057900773107,2,1.0,False
75,0.1111111111111111,0.3333333333333333,0.0230435505509376,0.0026187325704631,0.0050057900773107,2,1.0,False
75,0.1111111111111111,0.4444444444444444,0.0136294960975646,0.0014956584029693,0.0050057900773107,2,1.0,False
75,0.1111111111111111,0.5555555555555556,0.0138117251917719,0.0019110203538817,0.0050057900773107,2,1.0,False
75,0.1111111111111111,0.6666666666666666,0.013234257698059,0.001648294183484,0.0050057900773107,2,1.0,False
75,0.1111111111111111,0.7777777777777777,0.0107644656673073,0.0010382348009139,0.0050057900773107,2,1.0,False
75,0.1111111111111111,0.8888888888888888,0.0115099241957068,0.0013796842202318,0.0050057900773107,2,1.0,False
75,0.1111111111111111,1.0,0.0126124024391174,0.0010741302471304,0.0050057900773107,2,1.0,False
75,0.2222222222222222,0.0,0.0237087681889534,0.0026812318995347,0.0050057900773107,2,1.0,False
75,0.2222222222222222,0.1111111111111111,0.3316382169723511,0.0001738755638814,0.0050057900773107,2,1.0,False
75,0.2222222222222222,0.2222222222222222,0.0201568603515625,0.0020908540678408,0.0050057900773107,2,1.0,False
75,0.2222222222222222,0.3333333333333333,0.0172679759562015,0.0023604715523959,0.0050057900773107,2,1.0,False
75,0.2222222222222222,0.4444444444444444,0.0150482626631855,0.0020613606351439,0.0050057900773107,2,1.0,False
75,0.2222222222222222,0.5555555555555556,0.0133513696491718,0.002047575914864,0.0050057900773107,2,1.0,False
75,0.2222222222222222,0.6666666666666666,0.0133681409060955,0.0010885389153977,0.0050057900773107,2,1.0,False
75,0.2222222222222222,0.7777777777777777,0.0120475236326456,0.0008457514573842,0.0050057900773107,2,1.0,False
75,0.2222222222222222,0.8888888888888888,0.0121216513216495,0.0010832008097398,0.0050057900773107,2,1.0,False
75,0.2222222222222222,1.0,0.0123906210064888,0.0007764792405499,0.0050057900773107,2,1.0,False
75,0.3333333333333333,0.0,0.0234513040632009,0.0023295613582461,0.0050057900773107,2,1.0,False
75,0.3333333333333333,0.1111111111111111,0.019621318206191,0.0022001338555779,0.0050057900773107,2,1.0,False
75,0.3333333333333333,0.2222222222222222,0.0182929001748561,0.0013389867506052,0.0050057900773107,2,1.0,False
75,0.3333333333333333,0.3333333333333333,0.0153356660157442,0.001355937049157,0.0050057900773107,2,1.0,False
75,0.3333333333333333,0.4444444444444444,0.0129820872098207,0.0017050021288914,0.0050057900773107,2,1.0,False
75,0.3333333333333333,0.5555555555555556,0.015139834024012,0.0015185258103256,0.0050057900773107,2,1.0,False
75,0.3333333333333333,0.6666666666666666,0.0150049040094017,0.0012660259073545,0.0050057900773107,2,1.0,False
75,0.3333333333333333,0.7777777777777777,0.0144454501569271,0.0007628546884458,0.0050057900773107,2,1.0,False
75,0.3333333333333333,0.8888888888888888,0.0116030192002654,0.0011772986078771,0.0050057900773107,2,1.0,False
75,0.3333333333333333,1.0,0.0108206896111369,0.0009591186764615,0.0050057900773107,2,1.0,False
75,0.4444444444444444,0.0,0.0134961185976862,0.0020137941585546,0.0050057900773107,2,1.0,False
75,0.4444444444444444,0.1111111111111111,0.0154387187212705,0.0026854948037251,0.0050057900773107,2,1.0,False
75,0.4444444444444444,0.2222222222222222,0.0146685214713215,0.0019970203318209,0.0050057900773107,2,1.0,False
75,0.4444444444444444,0.3333333333333333,0.0145235685631632,0.0018274029999862,0.0050057900773107,2,1.0,False
75,0.4444444444444444,0.4444444444444444,0.0114745590835809,0.0010005672367353,0.0050057900773107,2,1.0,False
75,0.4444444444444444,0.5555555555555556,0.0117499306797981,0.0008248924416387,0.0050057900773107,2,1.0,False
75,0.4444444444444444,0.6666666666666666,0.012952160090208,0.0009242452300748,0.0050057900773107,2,1.0,False
75,0.4444444444444444,0.7777777777777777,0.0122359087690711,0.0008701136195111,0.0050057900773107,2,1.0,False
75,0.4444444444444444,0.8888888888888888,0.0124082593247294,0.0007761212037447,0.0050057900773107,2,1.0,False
75,0.4444444444444444,1.0,0.0120237823575735,0.0007155989895436,0.0050057900773107,2,1.0,False
75,0.5555555555555556,0.0,0.0125550338998436,0.0016304925763579,0.0050057900773107,2,1.0,False
75,0.5555555555555556,0.1111111111111111,0.0132621834054589,0.0023420076349164,0.0050057900773107,2,1.0,False
75,0.5555555555555556,0.2222222222222222,0.0134413316845893,0.0011747315459053,0.0050057900773107,2,1.0,False
75,0.5555555555555556,0.3333333333333333,0.012944740243256,0.0008483785742121,0.0050057900773107,2,1.0,False
75,0.5555555555555556,0.4444444444444444,0.0114252185449004,0.0008952368734594,0.0050057900773107,2,1.0,False
75,0.5555555555555556,0.5555555555555556,0.0105239804834127,0.0008844337372173,0.0050057900773107,2,1.0,False
75,0.5555555555555556,0.6666666666666666,0.0112493680790066,0.0007957190708703,0.0050057900773107,2,1.0,False
75,0.5555555555555556,0.7777777777777777,0.0112157771363854,0.0008877781155985,0.0050057900773107,2,1.0,False
75,0.5555555555555556,0.8888888888888888,0.0107514290139079,0.0007688719608349,0.0050057900773107,2,1.0,False
75,0.5555555555555556,1.0,0.0100588295608758,0.0006524699969019,0.0050057900773107,2,1.0,False
75,0.6666666666666666,0.0,0.0162760987877845,0.0010949312676937,0.0050057900773107,2,1.0,False
75,0.6666666666666666,0.1111111111111111,0.0146598825231194,0.0016116728217899,0.0050057900773107,2,1.0,False
75,0.6666666666666666,0.2222222222222222,0.0136609878391027,0.0009735161984684,0.0050057900773107,2,1.0,False
75,0.6666666666666666,0.3333333333333333,0.0140208033844828,0.001071031349433,0.0050057900773107,2,1.0,False
75,0.6666666666666666,0.4444444444444444,0.0119509091600775,0.0007806348029666,0.0050057900773107,2,1.0,False
75,0.6666666666666666,0.5555555555555556,0.0125863030552864,0.0009773640936604,0.0050057900773107,2,1.0,False
75,0.6666666666666666,0.6666666666666666,0.0149987349286675,0.0008242939742945,0.0050057900773107,2,1.0,False
75,0.6666666666666666,0.7777777777777777,0.0107294367626309,0.0006914545094486,0.0050057900773107,2,1.0,False
75,0.6666666666666666,0.8888888888888888,0.0105490982532501,0.0006443377305269,0.0050057900773107,2,1.0,False
75,0.6666666666666666,1.0,0.0114860059693455,0.0013324776812243,0.0050057900773107,2,1.0,False
75,0.7777777777777777,0.0,0.0129271317273378,0.0009609715296535,0.0050057900773107,2,1.0,False
75,0.7777777777777777,0.1111111111111111,0.0144771495833992,0.0011711599998085,0.0050057900773107,2,1.0,False
75,0.7777777777777777,0.2222222222222222,0.0128543619066476,0.0008198752134253,0.0050057900773107,2,1.0,False
75,0.7777777777777777,0.3333333333333333,0.012948015704751,0.0007240528701994,0.0050057900773107,2,1.0,False
75,0.7777777777777777,0.4444444444444444,0.0112973488867282,0.0010094191877881,0.0050057900773107,2,1.0,False
75,0.7777777777777777,0.5555555555555556,0.0103675751015543,0.0005883722515914,0.0050057900773107,2,1.0,False
75,0.7777777777777777,0.6666666666666666,0.0118422461673617,0.0004729660378048,0.0050057900773107,2,1.0,False
75,0.7777777777777777,0.7777777777777777,0.0102412290871143,0.0010195150656425,0.0050057900773107,2,1.0,False
75,0.7777777777777777,0.8888888888888888,0.0106549402698874,0.0004389549965917,0.0050057900773107,2,1.0,False
75,0.7777777777777777,1.0,0.0158636141568422,0.0028085005418196,0.0050057900773107,2,1.0,False
75,0.8888888888888888,0.0,0.0127743296325206,0.0010020845013638,0.0050057900773107,2,1.0,False
75,0.8888888888888888,0.1111111111111111,0.0134097067639231,0.0009247198769615,0.0050057900773107,2,1.0,False
75,0.8888888888888888,0.2222222222222222,0.0103824296966195,0.0012840505815627,0.0050057900773107,2,1.0,False
75,0.8888888888888888,0.3333333333333333,0.0131975756958127,0.0011443777143186,0.0050057900773107,2,1.0,False
75,0.8888888888888888,0.4444444444444444,0.01054457295686,0.0006219443590875,0.0050057900773107,2,1.0,False
75,0.8888888888888888,0.5555555555555556,0.0115979965776205,0.0006329390693208,0.0050057900773107,2,1.0,False
75,0.8888888888888888,0.6666666666666666,0.0119640240445733,0.0005800049150519,0.0050057900773107,2,1.0,False
75,0.8888888888888888,0.7777777777777777,0.010714029893279,0.0032202796367312,0.0050057900773107,2,1.0,False
75,0.8888888888888888,0.8888888888888888,0.0135003142058849,0.0005065274675048,0.0050057900773107,2,1.0,False
75,0.8888888888888888,1.0,0.0111420033499598,0.0009951267364379,0.0050057900773107,2,1.0,False
75,1.0,0.0,0.0118514774367213,0.0008516750758748,0.0050057900773107,2,1.0,False
75,1.0,0.1111111111111111,0.0127890277653932,0.0009547956392954,0.0050057900773107,2,1.0,False
75,1.0,0.2222222222222222,0.0125148482620716,0.0006288423140214,0.0050057900773107,2,1.0,False
75,1.0,0.3333333333333333,0.0115137575194239,0.0010740385346147,0.0050057900773107,2,1.0,False
75,1.0,0.4444444444444444,0.0142265418544411,0.0007670519252014,0.0050057900773107,2,1.0,False
75,1.0,0.5555555555555556,0.0114945359528064,0.0006524345916347,0.0050057900773107,2,1.0,False
75,1.0,0.6666666666666666,0.0293746758252382,0.0018321618738926,0.0050057900773107,2,1.0,False
75,1.0,0.7777777777777777,0.0121780252084136,0.0023576357211064,0.0050057900773107,2,1.0,False
75,1.0,0.8888888888888888,0.0106116402894258,0.000630617916717,0.0050057900773107,2,1.0,False
75,1.0,1.0,0.0137498434633016,0.0005903785597734,0.0050057900773107,2,1.0,False
100,0.0,0.0,0.017963083460927,0.0028208772037671,0.0050057900773107,2,1.0,False
100,0.0,0.1111111111111111,0.0164879653602838,0.0028601547761609,0.0050057900773107,2,1.0,False
100,0.0,0.2222222222222222,0.0163889061659574,0.0027261116006138,0.0050057900773107,2,1.0,False
100,0.0,0.3333333333333333,0.0137034682556986,0.0023245579851798,0.0050057900773107,2,1.0,False
100,0.0,0.4444444444444444,0.0138117112219333,0.0017431089934817,0.0050057900773107,2,1.0,False
100,0.0,0.5555555555555556,0.0110587887465953,0.0014044263584574,0.0050057900773107,2,1.0,False
100,0.0,0.6666666666666666,0.0117686362937092,0.0008595719487567,0.0050057900773107,2,1.0,False
100,0.0,0.7777777777777777,0.0114774666726589,0.0010361924899756,0.0050057900773107,2,1.0,False
100,0.0,0.8888888888888888,0.0127355409786105,0.0011967207540646,0.0050057900773107,2,1.0,False
100,0.0,1.0,0.0112197017297148,0.000889734059557,0.0050057900773107,2,1.0,False
100,0.1111111111111111,0.0,0.0194814447313547,0.0027817791077864,0.0050057900773107,2,1.0,False
100,0.1111111111111111,0.1111111111111111,0.0164075158536434,0.002892092378008,0.0050057900773107,2,1.0,False
100,0.1111111111111111,0.2222222222222222,0.0159773305058479,0.003019210453019,0.0050057900773107,2,1.0,False
100,0.1111111111111111,0.3333333333333333,0.0140743497759103,0.0025869875081531,0.0050057900773107,2,1.0,False
100,0.1111111111111111,0.4444444444444444,0.0146673647686839,0.0012596493246119,0.0050057900773107,2,1.0,False
100,0.1111111111111111,0.5555555555555556,0.0124268028885126,0.0016351749587054,0.0050057900773107,2,1.0,False
100,0.1111111111111111,0.6666666666666666,0.0136826988309621,0.0008979868774876,0.0050057900773107,2,1.0,False
100,0.1111111111111111,0.7777777777777777,0.0103173842653632,0.0007486854614365,0.0050057900773107,2,1.0,False
100,0.1111111111111111,0.8888888888888888,0.0108470628038048,0.0009647928310869,0.0050057900773107,2,1.0,False
100,0.1111111111111111,1.0,0.0100806364789605,0.0006992717152226,0.0050057900773107,2,1.0,False
100,0.2222222222222222,0.0,0.0175294987857341,0.0029096679525455,0.0050057900773107,2,1.0,False
100,0.2222222222222222,0.1111111111111111,0.0168121643364429,0.0027078070711413,0.0050057900773107,2,1.0,False
100,0.2222222222222222,0.2222222222222222,0.0167776942253112,0.0026848991802507,0.0050057900773107,2,1.0,False
100,0.2222222222222222,0.3333333333333333,0.0122600719332695,0.0027414609252207,0.0050057900773107,2,1.0,False
100,0.2222222222222222,0.4444444444444444,0.012773317284882,0.0019932781836643,0.0050057900773107,2,1.0,False
100,0.2222222222222222,0.5555555555555556,0.0137789128348231,0.0018445197676152,0.0050057900773107,2,1.0,False
100,0.2222222222222222,0.6666666666666666,0.0115906950086355,0.0010064382294722,0.0050057900773107,2,1.0,False
100,0.2222222222222222,0.7777777777777777,0.0121060609817504,0.0010513954579147,0.0050057900773107,2,1.0,False
100,0.2222222222222222,0.8888888888888888,0.0104091353714466,0.0009413469901991,0.0050057900773107,2,1.0,False
100,0.2222222222222222,1.0,0.0112513890489935,0.0007858892658662,0.0050057900773107,2,1.0,False
100,0.3333333333333333,0.0,0.0142792891710996,0.0019965220725102,0.0050057900773107,2,1.0,False
100,0.3333333333333333,0.1111111111111111,0.0146899633109569,0.0027613696081552,0.0050057900773107,2,1.0,False
100,0.3333333333333333,0.2222222222222222,0.0143229914829134,0.0028562271595805,0.0050057900773107,2,1.0,False
100,0.3333333333333333,0.3333333333333333,0.0144251976162195,0.0014055284555811,0.0050057900773107,2,1.0,False
100,0.3333333333333333,0.4444444444444444,0.0134105309844017,0.0013552208176574,0.0050057900773107,2,1.0,False
100,0.3333333333333333,0.5555555555555556,0.0128449369221925,0.0014165874941781,0.0050057900773107,2,1.0,False
100,0.3333333333333333,0.6666666666666666,0.0115838311612606,0.0010654613559371,0.0050057900773107,2,1.0,False
100,0.3333333333333333,0.7777777777777777,0.0112532852217555,0.000862263956845,0.0050057900773107,2,1.0,False
100,0.3333333333333333,0.8888888888888888,0.0100188208743929,0.0008190713398918,0.0050057900773107,2,1.0,False
100,0.3333333333333333,1.0,0.0123956371098756,0.0006975381088517,0.0050057900773107,2,1.0,False
100,0.4444444444444444,0.0,0.0150954304262995,0.0016462282935183,0.0050057900773107,2,1.0,False
100,0.4444444444444444,0.1111111111111111,0.01251657679677,0.0013069111179866,0.0050057900773107,2,1.0,False
100,0.4444444444444444,0.2222222222222222,0.0138988886028528,0.0010649391756032,0.0050057900773107,2,1.0,False
100,0.4444444444444444,0.3333333333333333,0.0137762073427438,0.0010241153175945,0.0050057900773107,2,1.0,False
100,0.4444444444444444,0.4444444444444444,0.0133897578343749,0.0013167672041643,0.0050057900773107,2,1.0,False
100,0.4444444444444444,0.5555555555555556,0.0113488659262657,0.0012776886599935,0.0050057900773107,2,1.0,False
100,0.4444444444444444,0.6666666666666666,0.0114701958373188,0.0008055921620686,0.0050057900773107,2,1.0,False
100,0.4444444444444444,0.7777777777777777,0.0107880644500255,0.0008842124396338,0.0050057900773107,2,1.0,False
100,0.4444444444444444,0.8888888888888888,0.0137190409004688,0.0009300146053184,0.0050057900773107,2,1.0,False
100,0.4444444444444444,1.0,0.0099039562046527,0.0007044787955575,0.0050057900773107,2,1.0,False
100,0.5555555555555556,0.0,0.0125151704996824,0.0018619901410582,0.0050057900773107,2,1.0,False
100,0.5555555555555556,0.1111111111111111,0.0127628557384014,0.0016925191131196,0.0050057900773107,2,1.0,False
100,0.5555555555555556,0.2222222222222222,0.0130229881033301,0.0010534177037194,0.0050057900773107,2,1.0,False
100,0.5555555555555556,0.3333333333333333,0.0120085263624787,0.0019892417807349,0.0050057900773107,2,1.0,False
100,0.5555555555555556,0.4444444444444444,0.0140251191332936,0.0009344081729123,0.0050057900773107,2,1.0,False
100,0.5555555555555556,0.5555555555555556,0.0098628094419837,0.0009917101250574,0.0050057900773107,2,1.0,False
100,0.5555555555555556,0.6666666666666666,0.0104682417586445,0.000704277610481,0.0050057900773107,2,1.0,False
100,0.5555555555555556,0.7777777777777777,0.0123981423676013,0.0006630249378058,0.0050057900773107,2,1.0,False
100,0.5555555555555556,0.8888888888888888,0.0111757209524512,0.000585120939222,0.0050057900773107,2,1.0,False
100,0.5555555555555556,1.0,0.0128602730110287,0.0009990971896342,0.0050057900773107,2,1.0,False
100,0.6666666666666666,0.0,0.0113530838862061,0.0007816802981461,0.0050057900773107,2,1.0,False
100,0.6666666666666666,0.1111111111111111,0.0108659258112311,0.0016648335078979,0.0050057900773107,2,1.0,False
100,0.6666666666666666,0.2222222222222222,0.0120087768882513,0.0014914828137973,0.0050057900773107,2,1.0,False
100,0.6666666666666666,0.3333333333333333,0.0113333156332373,0.0007341542544898,0.0050057900773107,2,1.0,False
100,0.6666666666666666,0.4444444444444444,0.0109030278399586,0.0009094275793061,0.0050057900773107,2,1.0,False
100,0.6666666666666666,0.5555555555555556,0.0115165831521153,0.0008956893454105,0.0050057900773107,2,1.0,False
100,0.6666666666666666,0.6666666666666666,0.0099552767351269,0.0006378979850226,0.0050057900773107,2,1.0,False
100,0.6666666666666666,0.7777777777777777,0.0099796438589692,0.0007413021329394,0.0050057900773107,2,1.0,False
100,0.6666666666666666,0.8888888888888888,0.0120902145281434,0.0021321667389101,0.0050057900773107,2,1.0,False
100,0.6666666666666666,1.0,0.0118337860330939,0.0006923906638945,0.0050057900773107,2,1.0,False
100,0.7777777777777777,0.0,0.0111785745248198,0.0009490911973379,0.0050057900773107,2,1.0,False
100,0.7777777777777777,0.1111111111111111,0.0123660834506154,0.0010674151064696,0.0050057900773107,2,1.0,False
100,0.7777777777777777,0.2222222222222222,0.0118461027741432,0.0011939490492969,0.0050057900773107,2,1.0,False
100,0.7777777777777777,0.3333333333333333,0.0113452170044183,0.000893026727546,0.0050057900773107,2,1.0,False
100,0.7777777777777777,0.4444444444444444,0.0100747514516115,0.0008496941083553,0.0050057900773107,2,1.0,False
100,0.7777777777777777,0.5555555555555556,0.0096288844943046,0.0007914229264555,0.0050057900773107,2,1.0,False
100,0.7777777777777777,0.6666666666666666,0.0111049758270382,0.0006890721639738,0.0050057900773107,2,1.0,False
100,0.7777777777777777,0.7777777777777777,0.0096464082598686,0.0007588368752006,0.0050057900773107,2,1.0,False
100,0.7777777777777777,0.8888888888888888,0.0135986004024744,0.0006983279978628,0.0050057900773107,2,1.0,False
100,0.7777777777777777,1.0,0.013051894493401,0.0016254951514842,0.0050057900773107,2,1.0,False
100,0.8888888888888888,0.0,0.0108457878232002,0.0009381104696539,0.0050057900773107,2,1.0,False
100,0.8888888888888888,0.1111111111111111,0.0108825098723173,0.001050703498314,0.0050057900773107,2,1.0,False
100,0.8888888888888888,0.2222222222222222,0.0099709583446383,0.0009091670929232,0.0050057900773107,2,1.0,False
100,0.8888888888888888,0.3333333333333333,0.0092051001265645,0.0009610150092064,0.0050057900773107,2,1.0,False
100,0.8888888888888888,0.4444444444444444,0.0141022326424717,0.0005210452458823,0.0050057900773107,2,1.0,False
100,0.8888888888888888,0.5555555555555556,0.0112186754122376,0.0006202704371905,0.0050057900773107,2,1.0,False
100,0.8888888888888888,0.6666666666666666,0.0102509306743741,0.0006624451674213,0.0050057900773107,2,1.0,False
100,0.8888888888888888,0.7777777777777777,0.0121206883341073,0.0027539775405044,0.0050057900773107,2,1.0,False
100,0.8888888888888888,0.8888888888888888,0.0078471228480339,0.002002386043046,0.0050057900773107,2,1.0,False
100,0.8888888888888888,1.0,0.0093137416988611,0.0015792475830132,0.0050057900773107,2,1.0,False
100,1.0,0.0,0.011880743317306,0.0007741501188686,0.0050057900773107,2,1.0,False
100,1.0,0.1111111111111111,0.0114409327507019,0.0010808792777955,0.0050057900773107,2,1.0,False
100,1.0,0.2222222222222222,0.0106989415362477,0.0010249661657325,0.0050057900773107,2,1.0,False
100,1.0,0.3333333333333333,0.0108390823006629,0.0008808492372557,0.0050057900773107,2,1.0,False
100,1.0,0.4444444444444444,0.0112191140651702,0.0006920488329412,0.0050057900773107,2,1.0,False
100,1.0,0.5555555555555556,0.0102928765118122,0.0006075623699836,0.0050057900773107,2,1.0,False
100,1.0,0.6666666666666666,0.0106286965310573,0.0016604278865888,0.0050057900773107,2,1.0,False
100,1.0,0.7777777777777777,0.0109751867130398,0.0006499799138956,0.0050057900773107,2,1.0,False
100,1.0,0.8888888888888888,0.0077082486823201,0.0023167558899996,0.0050057900773107,2,1.0,False
100,1.0,1.0,0.0128831770271062,0.0020153809156909,0.0050057900773107,2,1.0,False
25,0.0,0.0,0.2270477265119552,0.002073760973942,0.0050057900773107,1,2.5,False
25,0.0,0.1111111111111111,0.2368499338626861,0.0020841849033284,0.0050057900773107,1,2.5,False
25,0.0,0.2222222222222222,0.2544595599174499,0.0018765426708919,0.0050057900773107,1,2.5,False
25,0.0,0.3333333333333333,0.1561369150876999,0.0029008712022799,0.0050057900773107,1,2.5,False
25,0.0,0.4444444444444444,0.0781297534704208,0.0043854893228489,0.0050057900773107,1,2.5,False
25,0.0,0.5555555555555556,0.1315212100744247,0.003092728911237,0.0050057900773107,1,2.5,False
25,0.0,0.6666666666666666,0.0433688499033451,0.0053096745359055,0.0050057900773107,1,2.5,False
25,0.0,0.7777777777777777,0.0331767946481704,0.0057602859459245,0.0050057900773107,1,2.5,False
25,0.0,0.8888888888888888,0.038985401391983,0.0051790663226978,0.0050057900773107,1,2.5,False
25,0.0,1.0,0.0339657925069332,0.0053859694610402,0.0050057900773107,1,2.5,False
25,0.1111111111111111,0.0,0.2475678622722625,0.0019389594464961,0.0050057900773107,1,2.5,False
25,0.1111111111111111,0.1111111111111111,0.2231224775314331,0.0022013476604155,0.0050057900773107,1,2.5,False
25,0.1111111111111111,0.2222222222222222,0.2351338267326355,0.0019702848107745,0.0050057900773107,1,2.5,False
25,0.1111111111111111,0.3333333333333333,0.1896547675132751,0.0024460741051029,0.0050057900773107,1,2.5,False
25,0.1111111111111111,0.4444444444444444,0.12512868642807,0.0033591892494592,0.0050057900773107,1,2.5,False
25,0.1111111111111111,0.5555555555555556,0.0783587321639061,0.0040449035203995,0.0050057900773107,1,2.5,False
25,0.1111111111111111,0.6666666666666666,0.0697247758507728,0.0038559079874816,0.0050057900773107,1,2.5,False
25,0.1111111111111111,0.7777777777777777,0.0534710064530372,0.004625760271968,0.0050057900773107,1,2.5,False
25,0.1111111111111111,0.8888888888888888,0.0438530072569847,0.0052772499734435,0.0050057900773107,1,2.5,False
25,0.1111111111111111,1.0,0.0411222130060195,0.0040866465726149,0.0050057900773107,1,2.5,False
25,0.2222222222222222,0.0,0.2581458985805511,0.0017622841402358,0.0050057900773107,1,2.5,False
25,0.2222222222222222,0.1111111111111111,0.2349693924188614,0.0020955914826352,0.0050057900773107,1,2.5,False
25,0.2222222222222222,0.2222222222222222,0.2147385776042938,0.0025079197265177,0.0050057900773107,1,2.5,False
25,0.2222222222222222,0.3333333333333333,0.1414864510297775,0.0028687346197911,0.0050057900773107,1,2.5,False
25,0.2222222222222222,0.4444444444444444,0.121882788836956,0.002934460172855,0.0050057900773107,1,2.5,False
25,0.2222222222222222,0.5555555555555556,0.0434745326638221,0.0058743472201861,0.0050057900773107,1,2.5,False
25,0.2222222222222222,0.6666666666666666,0.071998506784439,0.0039241544468991,0.0050057900773107,1,2.5,False
25,0.2222222222222222,0.7777777777777777,0.0352599211037159,0.0060926956433147,0.0050057900773107,1,2.5,False
25,0.2222222222222222,0.8888888888888888,0.0461214073002338,0.0047046407665404,0.0050057900773107,1,2.5,False
25,0.2222222222222222,1.0,0.0402136035263538,0.0044417024617328,0.0050057900773107,1,2.5,False
25,0.3333333333333333,0.0,0.3112787008285522,0.0013898415376834,0.0050057900773107,1,2.5,False
25,0.3333333333333333,0.1111111111111111,0.1345520764589309,0.0030852910788616,0.0050057900773107,1,2.5,False
25,0.3333333333333333,0.2222222222222222,0.1979321539402008,0.0025399774591043,0.0050057900773107,1,2.5,False
25,0.3333333333333333,0.3333333333333333,0.1198602318763732,0.0030687619997771,0.0050057900773107,1,2.5,False
25,0.3333333333333333,0.4444444444444444,0.0565431080758571,0.0048292374582923,0.0050057900773107,1,2.5,False
25,0.0,0.0,0.3514667153358459,0.0001940495281517,0.0050057900773107,2,1.0,False
25,0.0,0.1111111111111111,0.3497296869754791,0.0001994345681991,0.0050057900773107,2,1.0,False
25,0.0,0.2222222222222222,0.352491557598114,0.0001889904242193,0.0050057900773107,2,1.0,False
25,0.0,0.3333333333333333,0.0860818848013877,0.000978663343756,0.0050057900773107,2,1.0,False
25,0.0,0.4444444444444444,0.3391948938369751,0.0002393719197398,0.0050057900773107,2,1.0,False
25,0.0,0.5555555555555556,0.0286808516830205,0.0022943247036723,0.0050057900773107,2,1.0,False
25,0.0,0.6666666666666666,0.0220629852265119,0.002201825994887,0.0050057900773107,2,1.0,False
25,0.0,0.7777777777777777,0.0268812607973814,0.0014670075474378,0.0050057900773107,2,1.0,False
25,0.0,0.8888888888888888,0.0150586199015378,0.0016647982036676,0.0050057900773107,2,1.0,False
25,0.0,1.0,0.0172125343233346,0.0017684385768578,0.0050057900773107,2,1.0,False
25,0.1111111111111111,0.0,0.3490295112133026,0.000193950087997,0.0050057900773107,2,1.0,False
25,0.1111111111111111,0.1111111111111111,0.3513665497303009,0.0001940991375423,0.0050057900773107,2,1.0,False
25,0.1111111111111111,0.2222222222222222,0.3444007933139801,0.0001908788488845,0.0050057900773107,2,1.0,False
25,0.1111111111111111,0.3333333333333333,0.3345889747142792,0.0002178050241897,0.0050057900773107,2,1.0,False
25,0.1111111111111111,0.4444444444444444,0.0367049016058445,0.0020024910247282,0.0050057900773107,2,1.0,False
25,0.1111111111111111,0.5555555555555556,0.0195921678096056,0.0013851107978179,0.0050057900773107,2,1.0,False
25,0.1111111111111111,0.6666666666666666,0.0202809665352106,0.0023816264774584,0.0050057900773107,2,1.0,False
25,0.1111111111111111,0.7777777777777777,0.0272440668195486,0.0011986513235552,0.0050057900773107,2,1.0,False
25,0.1111111111111111,0.8888888888888888,0.0210152883082628,0.0015084286468707,0.0050057900773107,2,1.0,False
25,0.1111111111111111,1.0,0.0206737890839576,0.0018363377392338,0.0050057900773107,2,1.0,False
25,0.2222222222222222,0.0,0.3281743228435516,0.0002319818602037,0.0050057900773107,2,1.0,False
25,0.2222222222222222,0.1111111111111111,0.3441691994667053,0.0001868361386322,0.0050057900773107,2,1.0,False
25,0.2222222222222222,0.2222222222222222,0.3572006225585937,0.0002090538414293,0.0050057900773107,2,1.0,False
25,0.2222222222222222,0.3333333333333333,0.3423232138156891,0.0002030660016607,0.0050057900773107,2,1.0,False
25,0.2222222222222222,0.4444444444444444,0.0632844343781471,0.0004611409619433,0.0050057900773107,2,1.0,False
25,0.2222222222222222,0.5555555555555556,0.0265036318451166,0.001607223087157,0.0050057900773107,2,1.0,False
25,0.2222222222222222,0.6666666666666666,0.0223366357386112,0.0010880697634813,0.0050057900773107,2,1.0,False
25,0.2222222222222222,0.7777777777777777,0.0240217689424753,0.0015819505458187,0.0050057900773107,2,1.0,False
25,0.2222222222222222,0.8888888888888888,0.0154269859194755,0.0020712636830671,0.0050057900773107,2,1.0,False
25,0.2222222222222222,1.0,0.0185424778610467,0.0017370331273837,0.0050057900773107,2,1.0,False
25,0.3333333333333333,0.0,0.0699107348918914,0.000642828792153,0.0050057900773107,2,1.0,False
25,0.3333333333333333,0.1111111111111111,0.0417765825986862,0.0021479093409935,0.0050057900773107,2,1.0,False
25,0.3333333333333333,0.2222222222222222,0.0377513580024242,0.0019262939897867,0.0050057900773107,2,1.0,False
25,0.3333333333333333,0.3333333333333333,0.3442240059375763,0.0001467843098739,0.0050057900773107,2,1.0,False
25,0.3333333333333333,0.4444444444444444,0.0351887457072734,0.0017733504315081,0.0050057900773107,2,1.0,False
25,0.3333333333333333,0.5555555555555556,0.301070898771286,0.0001754014215794,0.0050057900773107,2,1.0,False
25,0.3333333333333333,0.6666666666666666,0.0251003354787826,0.0021171811318551,0.0050057900773107,2,1.0,False
25,0.3333333333333333,0.7777777777777777,0.1094864681363105,0.0002790293294066,0.0050057900773107,2,1.0,False
25,0.3333333333333333,0.8888888888888888,0.0166051667183637,0.0014778207788643,0.0050057900773107,2,1.0,False
25,0.3333333333333333,1.0,0.0220708474516868,0.0008529809601636,0.0050057900773107,2,1.0,False
25,0.4444444444444444,0.0,0.3208748698234558,0.0001913564944263,0.0050057900773107,2,1.0,False
25,0.4444444444444444,0.1111111111111111,0.0368341505527496,0.0019986672548383,0.0050057900773107,2,1.0,False
25,0.4444444444444444,0.2222222222222222,0.0301233008503913,0.0023456137770744,0.0050057900773107,2,1.0,False
25,0.4444444444444444,0.3333333333333333,0.0211483743041753,0.0016907323635786,0.0050057900773107,2,1.0,False
25,0.4444444444444444,0.4444444444444444,0.0245423968881368,0.0014180505711214,0.0050057900773107,2,1.0,False
25,0.4444444444444444,0.5555555555555556,0.0268148332834243,0.0023885177274713,0.0050057900773107,2,1.0,False
25,0.4444444444444444,0.6666666666666666,0.0164920166134834,0.0016765426752209,0.0050057900773107,2,1.0,False
25,0.4444444444444444,0.7777777777777777,0.0222288370132446,0.0014612750085137,0.0050057900773107,2,1.0,False
25,0.4444444444444444,0.8888888888888888,0.0153098972514271,0.0007021026368625,0.0050057900773107,2,1.0,False
25,0.4444444444444444,1.0,0.0156914312392473,0.0011695373235859,0.0050057900773107,2,1.0,False
25,0.5555555555555556,0.0,0.0238097365945577,0.002775043067699,0.0050057900773107,2,1.0,False
25,0.5555555555555556,0.1111111111111111,0.0381015203893184,0.0013853063054832,0.0050057900773107,2,1.0,False
25,0.5555555555555556,0.2222222222222222,0.021056504920125,0.0015069204527193,0.0050057900773107,2,1.0,False
25,0.5555555555555556,0.3333333333333333,0.0193502455949783,0.0015816457817503,0.0050057900773107,2,1.0,False
25,0.5555555555555556,0.4444444444444444,0.0229316689074039,0.0020752134865399,0.0050057900773107,2,1.0,False
25,0.5555555555555556,0.5555555555555556,0.0306777581572532,0.0012303454159143,0.0050057900773107,2,1.0,False
25,0.5555555555555556,0.6666666666666666,0.022146213799715,0.0017883876406952,0.0050057900773107,2,1.0,False
25,0.5555555555555556,0.7777777777777777,0.0191259682178497,0.0013248866784007,0.0050057900773107,2,1.0,False
25,0.5555555555555556,0.8888888888888888,0.0265448503196239,0.0025295765381649,0.0050057900773107,2,1.0,False
25,0.5555555555555556,1.0,0.0218355059623718,0.0015906677231814,0.0050057900773107,2,1.0,False
25,0.6666666666666666,0.0,0.0322505868971347,0.0021202730546868,0.0050057900773107,2,1.0,False
25,0.6666666666666666,0.1111111111111111,0.0244446229189634,0.0014617383856554,0.0050057900773107,2,1.0,False
25,0.6666666666666666,0.2222222222222222,0.0261548049747943,0.0019344200129252,0.0050057900773107,2,1.0,False
25,0.6666666666666666,0.3333333333333333,0.0357736647129058,0.00170313259498,0.0050057900773107,2,1.0,False
25,0.6666666666666666,0.4444444444444444,0.0238644201308488,0.0012887308558994,0.0050057900773107,2,1.0,False
25,0.6666666666666666,0.5555555555555556,0.0159008856862783,0.0012068755312676,0.0050057900773107,2,1.0,False
25,0.6666666666666666,0.6666666666666666,0.0171184185892343,0.000880328153505,0.0050057900773107,2,1.0,False
25,0.6666666666666666,0.7777777777777777,0.0151767246425151,0.000891159762207,0.0050057900773107,2,1.0,False
25,0.6666666666666666,0.8888888888888888,0.0177891459316015,0.0004009706602477,0.0050057900773107,2,1.0,False
25,0.6666666666666666,1.0,0.0176490433514118,0.0007934573422652,0.0050057900773107,2,1.0,False
25,0.7777777777777777,0.0,0.0204762835055589,0.0021372774667125,0.0050057900773107,2,1.0,False
25,0.7777777777777777,0.1111111111111111,0.0206132885068655,0.0018082435579696,0.0050057900773107,2,1.0,False
25,0.7777777777777777,0.2222222222222222,0.0201701540499925,0.0011822379623027,0.0050057900773107,2,1.0,False
25,0.7777777777777777,0.3333333333333333,0.0192091260105371,0.0018078445167983,0.0050057900773107,2,1.0,False
25,0.7777777777777777,0.4444444444444444,0.0161636229604482,0.0013400020799375,0.0050057900773107,2,1.0,False
25,0.7777777777777777,0.5555555555555556,0.0695306807756424,0.00134806833552,0.0050057900773107,2,1.0,False
25,0.7777777777777777,0.6666666666666666,0.0199927240610122,0.0015731140941265,0.0050057900773107,2,1.0,False
25,0.7777777777777777,0.7777777777777777,0.0181513521820306,0.0004810690758903,0.0050057900773107,2,1.0,False
25,0.7777777777777777,0.8888888888888888,0.0227115210145711,0.0008128417155982,0.0050057900773107,2,1.0,False
25,0.7777777777777777,1.0,0.0247375387698411,0.0005550306509524,0.0050057900773107,2,1.0,False
25,0.8888888888888888,0.0,0.0230033043771982,0.0012824361575383,0.0050057900773107,2,1.0,False
25,0.8888888888888888,0.1111111111111111,0.0194388907402753,0.0014180012417185,0.0050057900773107,2,1.0,False
25,0.8888888888888888,0.2222222222222222,0.0277893636375665,0.001553838195106,0.0050057900773107,2,1.0,False
25,0.8888888888888888,0.3333333333333333,0.0193321406841278,0.0013731307681321,0.0050057900773107,2,1.0,False
25,0.8888888888888888,0.4444444444444444,0.0141203049570322,0.00093363379099,0.0050057900773107,2,1.0,False
25,0.8888888888888888,0.5555555555555556,0.0244908258318901,0.0009397573528257,0.0050057900773107,2,1.0,False
25,0.8888888888888888,0.6666666666666666,0.0249739997088909,0.0010614854951035,0.0050057900773107,2,1.0,False
25,0.8888888888888888,0.7777777777777777,0.0206876304000616,0.0005155232341468,0.0050057900773107,2,1.0,False
25,0.8888888888888888,0.8888888888888888,0.0199514646083116,0.0005210452416061,0.0050057900773107,2,1.0,False
25,0.8888888888888888,1.0,6.3151021003723145,-0.0022261634531212,0.0050057900773107,2,1.0,False
25,1.0,0.0,0.0168493837118148,0.001069207445775,0.0050057900773107,2,1.0,False
25,1.0,0.1111111111111111,0.0182168222963809,0.0014667227477495,0.0050057900773107,2,1.0,False
25,1.0,0.2222222222222222,0.0202209614217281,0.0016410870227726,0.0050057900773107,2,1.0,False
25,1.0,0.3333333333333333,0.0207929629832506,0.0007733307416592,0.0050057900773107,2,1.0,False
25,1.0,0.4444444444444444,0.0202572923153638,0.0009589064035775,0.0050057900773107,2,1.0,False
25,1.0,0.5555555555555556,0.0159984584897756,0.0009901475707573,0.0050057900773107,2,1.0,False
25,1.0,0.6666666666666666,0.0237027592957019,0.00161785968006,0.0050057900773107,2,1.0,False
25,1.0,0.7777777777777777,0.0157443843781948,0.0008331711089587,0.0050057900773107,2,1.0,False
25,1.0,0.8888888888888888,0.0204827543348073,0.0003629461447278,0.0050057900773107,2,1.0,False
25,1.0,1.0,0.0196883846074342,0.0008168601595624,0.0050057900773107,2,1.0,False
50,0.0,0.0,0.0604846514761447,0.0005564746873709,0.0050057900773107,2,1.0,False
50,0.0,0.1111111111111111,0.3110947012901306,0.0002104621659256,0.0050057900773107,2,1.0,False
50,0.0,0.2222222222222222,0.0258022062480449,0.002375023635835,0.0050057900773107,2,1.0,False
50,0.0,0.3333333333333333,0.0205148551613092,0.0026685302165695,0.0050057900773107,2,1.0,False
50,0.0,0.4444444444444444,0.0187237970530986,0.0024176920347004,0.0050057900773107,2,1.0,False
50,0.0,0.5555555555555556,0.0162176005542278,0.0021384108263089,0.0050057900773107,2,1.0,False
50,0.0,0.6666666666666666,0.0147338798269629,0.0022791031990387,0.0050057900773107,2,1.0,False
50,0.0,0.7777777777777777,0.0148022128269076,0.0013119584300464,0.0050057900773107,2,1.0,False
50,0.0,0.8888888888888888,0.0140892816707491,0.0018580782404278,0.0050057900773107,2,1.0,False
50,0.0,1.0,0.0134317623451352,0.0009194779401177,0.0050057900773107,2,1.0,False
50,0.1111111111111111,0.0,0.0510188490152359,0.0006191761704267,0.0050057900773107,2,1.0,False
50,0.1111111111111111,0.1111111111111111,0.0445784553885459,0.001109949740801,0.0050057900773107,2,1.0,False
25,0.0,0.0,0.3759738802909851,0.0007696464092423,0.0050057900773107,2,1.0,False
25,0.0,0.0,0.3514943718910217,0.000193206499069,0.0050057900773107,2,1.0,False
25,0.0,0.0,0.2249753177165985,0.0020834985536357,0.0050057900773107,1,2.5,False
25,0.0,0.0,0.3765616118907928,0.000770068407759,0.0050057900773107,2,1.0,False
25,0.0,0.0,0.2245540022850036,0.002080297941325,0.0050057900773107,1,2.5,False
25,0.0,0.0,0.5256262421607971,0.0007546465028225,0.0050057900773107,2,2.5,False
25,0.0,0.0,0.1042074263095855,7.715042457782756e-05,0.0050057900773107,1,1.0,True
25,0.0,0.2,0.3820754587650299,0.0007664231121312,0.0050057900773107,2,1.0,False
25,0.0,0.2,0.1870562434196472,0.00250776950459,0.0050057900773107,1,2.5,False
25,0.0,0.2,1.6780089139938354,0.0001343816057334,0.0050057900773107,2,2.5,False
25,0.0,0.2,0.1070909723639488,7.369754426339361e-05,0.0050057900773107,1,1.0,True
25,0.0,0.4,0.3591680824756622,0.0008170958917804,0.0050057900773107,2,1.0,False
25,0.0,0.4,0.1715376526117324,0.0026597126724084,0.0050057900773107,1,2.5,False
25,0.0,0.4,0.131884217262268,0.001135646930112,0.0050057900773107,2,2.5,False
25,0.0,0.4,0.061938215047121,0.0001381392450864,0.0050057900773107,1,1.0,True
25,0.0,0.6000000000000001,0.0997933223843574,0.0023703802414766,0.0050057900773107,2,1.0,False
25,0.0,0.6000000000000001,0.0694463551044464,0.0039212299295641,0.0050057900773107,1,2.5,False
25,0.0,0.6000000000000001,0.4486898183822632,0.0006456556005137,0.0050057900773107,2,2.5,False
25,0.0,0.6000000000000001,0.0445960909128189,0.0002408204848829,0.0050057900773107,1,1.0,True
25,0.0,0.8,0.2537452578544616,0.0012414157050272,0.0050057900773107,2,1.0,False
25,0.0,0.8,0.0434336476027965,0.0050249533485221,0.0050057900773107,1,2.5,False
25,0.0,0.8,0.1199822500348091,0.0015578261152564,0.0050057900773107,2,2.5,False
25,0.0,0.8,0.0273675844073295,0.0003944182770993,0.0050057900773107,1,1.0,True
25,0.0,1.0,0.0213131196796894,0.0072673151902173,0.0050057900773107,2,1.0,False
25,0.0,1.0,0.0565166994929313,0.0038500851136825,0.0050057900773107,1,2.5,False
25,0.0,1.0,0.0878678485751152,0.0007747123608479,0.0050057900773107,2,2.5,False
25,0.0,1.0,0.0257081035524606,0.0003634439944462,0.0050057900773107,1,1.0,True
25,0.2,0.0,0.3762003779411316,0.0007906946975416,0.0050057900773107,2,1.0,False
25,0.2,0.0,0.2530097663402557,0.0019132300038085,0.0050057900773107,1,2.5,False
25,0.2,0.0,0.5277318358421326,0.0007732779100806,0.0050057900773107,2,2.5,False
25,0.2,0.0,0.0998808294534683,9.258227600315213e-05,0.0050057900773107,1,1.0,True
25,0.2,0.2,0.3730638027191162,0.0007557760544852,0.0050057900773107,2,1.0,False
25,0.2,0.2,0.1702823489904403,0.0028326152267471,0.0050057900773107,1,2.5,False
25,0.2,0.2,0.4027162492275238,0.0009369469259444,0.0050057900773107,2,2.5,False
25,0.2,0.2,0.0994996279478073,9.83873916011023e-05,0.0050057900773107,1,1.0,True
25,0.2,0.4,0.3527630865573883,0.0008925705137889,0.0050057900773107,2,1.0,False
25,0.2,0.4,0.2139419019222259,0.0022428104366365,0.0050057900773107,1,2.5,False
25,0.2,0.4,0.2724413573741913,0.0007609751052332247,0.005005790077310737,2,2.5,False
