date,model_num,epoch_num,loss,network,pretrained,train_fraction
2023-12-09,2.0,0.0,73.28267,BG,1.0,0.6
2023-12-09,2.0,0.0,207.8481,No-BG,1.0,0.6
2023-12-09,2.0,1.0,58.384377,BG,1.0,0.6
2023-12-09,2.0,1.0,168.03474,No-BG,1.0,0.6
2023-12-09,2.0,2.0,35.575962,BG,1.0,0.6
2023-12-09,2.0,2.0,145.16035,No-BG,1.0,0.6
2023-12-09,2.0,3.0,20.955334,BG,1.0,0.6
2023-12-09,2.0,3.0,130.41628,No-BG,1.0,0.6
2023-12-09,2.0,4.0,20.862421,BG,1.0,0.6
2023-12-09,2.0,4.0,118.88208,No-BG,1.0,0.6
2023-12-09,2.0,5.0,21.907179,BG,1.0,0.6
2023-12-09,2.0,5.0,110.59866,No-BG,1.0,0.6
2023-12-09,2.0,6.0,20.914104,BG,1.0,0.6
2023-12-09,2.0,6.0,105.08794,No-BG,1.0,0.6
2023-12-09,2.0,7.0,21.082708,BG,1.0,0.6
2023-12-09,2.0,7.0,100.7686,No-BG,1.0,0.6
2023-12-09,2.0,8.0,20.98562,BG,1.0,0.6
2023-12-09,2.0,8.0,98.29831,No-BG,1.0,0.6
2023-12-09,2.0,9.0,20.5912,BG,1.0,0.6
2023-12-09,2.0,9.0,95.78028,No-BG,1.0,0.6
2023-12-09,2.0,10.0,20.01871,BG,1.0,0.6
2023-12-09,2.0,10.0,92.708336,No-BG,1.0,0.6
2023-12-09,2.0,11.0,19.067081,BG,1.0,0.6
2023-12-09,2.0,11.0,89.51317,No-BG,1.0,0.6
2023-12-09,2.0,12.0,19.309778,BG,1.0,0.6
2023-12-09,2.0,12.0,87.41406,No-BG,1.0,0.6
2023-12-09,2.0,13.0,19.13809,BG,1.0,0.6
2023-12-09,2.0,13.0,84.63392,No-BG,1.0,0.6
2023-12-09,2.0,14.0,18.921482,BG,1.0,0.6
2023-12-09,2.0,14.0,82.11836,No-BG,1.0,0.6
2023-12-09,1.0,0.0,80.53717,BG,1.0,0.6
2023-12-09,1.0,0.0,306.89328,No-BG,1.0,0.6
2023-12-09,1.0,1.0,23.463245,BG,1.0,0.6
2023-12-09,1.0,1.0,272.4193,No-BG,1.0,0.6
2023-12-09,1.0,2.0,21.421442,BG,1.0,0.6
2023-12-09,1.0,2.0,243.01266,No-BG,1.0,0.6
2023-12-09,1.0,3.0,19.657492,BG,1.0,0.6
2023-12-09,1.0,3.0,219.28073,No-BG,1.0,0.6
2023-12-09,1.0,4.0,19.0844,BG,1.0,0.6
2023-12-09,1.0,4.0,198.48409,No-BG,1.0,0.6
2023-12-09,1.0,5.0,21.056902,BG,1.0,0.6
2023-12-09,1.0,5.0,180.84721,No-BG,1.0,0.6
2023-12-09,1.0,6.0,21.26784,BG,1.0,0.6
2023-12-09,1.0,6.0,167.3077,No-BG,1.0,0.6
2023-12-09,1.0,7.0,24.607592,BG,1.0,0.6
2023-12-09,1.0,7.0,156.85733,No-BG,1.0,0.6
2023-12-09,1.0,8.0,24.708765,BG,1.0,0.6
2023-12-09,1.0,8.0,149.74759,No-BG,1.0,0.6
2023-12-09,1.0,9.0,20.09247,BG,1.0,0.6
2023-12-09,1.0,9.0,139.06892,No-BG,1.0,0.6
2023-12-09,1.0,10.0,20.13125,BG,1.0,0.6
2023-12-09,1.0,10.0,129.42192,No-BG,1.0,0.6
2023-12-09,1.0,11.0,22.584286,BG,1.0,0.6
2023-12-09,1.0,11.0,121.52463,No-BG,1.0,0.6
2023-12-09,1.0,12.0,24.59477,BG,1.0,0.6
2023-12-09,1.0,12.0,114.594,No-BG,1.0,0.6
2023-12-09,1.0,13.0,23.111404,BG,1.0,0.6
2023-12-09,1.0,13.0,107.89702,No-BG,1.0,0.6
2023-12-09,1.0,14.0,23.391432,BG,1.0,0.6
2023-12-09,1.0,14.0,88.00513,No-BG,1.0,0.6
2023-12-09,3.0,0.0,77.20909,BG,1.0,0.6
2023-12-09,3.0,0.0,204.57994,No-BG,1.0,0.6
2023-12-09,3.0,1.0,56.289135,BG,1.0,0.6
2023-12-09,3.0,1.0,167.233,No-BG,1.0,0.6
2023-12-09,3.0,2.0,24.07789,BG,1.0,0.6
2023-12-09,3.0,2.0,137.9044,No-BG,1.0,0.6
2023-12-09,3.0,3.0,13.546349,BG,1.0,0.6
2023-12-09,3.0,3.0,119.44974,No-BG,1.0,0.6
2023-12-09,3.0,4.0,10.10254,BG,1.0,0.6
2023-12-09,3.0,4.0,112.888145,No-BG,1.0,0.6
2023-12-09,3.0,5.0,8.51873,BG,1.0,0.6
2023-12-09,3.0,5.0,110.93379,No-BG,1.0,0.6
2023-12-09,3.0,6.0,8.386543,BG,1.0,0.6
2023-12-09,3.0,6.0,108.043594,No-BG,1.0,0.6
2023-12-09,3.0,7.0,9.23367,BG,1.0,0.6
2023-12-09,3.0,7.0,105.8907,No-BG,1.0,0.6
2023-12-09,3.0,8.0,8.72308,BG,1.0,0.6
2023-12-09,3.0,8.0,103.73831,No-BG,1.0,0.6
2023-12-09,3.0,9.0,9.078974,BG,1.0,0.6
2023-12-09,3.0,9.0,100.388626,No-BG,1.0,0.6
2023-12-09,3.0,10.0,10.209242,BG,1.0,0.6
2023-12-09,3.0,10.0,97.74737,No-BG,1.0,0.6
2023-12-09,3.0,11.0,9.467459,BG,1.0,0.6
2023-12-09,3.0,11.0,93.72493,No-BG,1.0,0.6
2023-12-09,3.0,12.0,9.777956,BG,1.0,0.6
2023-12-09,3.0,12.0,90.141136,No-BG,1.0,0.6
2023-12-09,3.0,13.0,9.276812,BG,1.0,0.6
2023-12-09,3.0,13.0,87.38533,No-BG,1.0,0.6
2023-12-09,3.0,14.0,9.980324,BG,1.0,0.6
2023-12-09,3.0,14.0,84.6934,No-BG,1.0,0.6
2023-12-09,0.0,0.0,72.487755,BG,1.0,0.6
2023-12-09,0.0,0.0,324.12225,No-BG,1.0,0.6
2023-12-09,0.0,1.0,15.552468,BG,1.0,0.6
2023-12-09,0.0,1.0,286.79663,No-BG,1.0,0.6
2023-12-09,0.0,2.0,12.463108,BG,1.0,0.6
2023-12-09,0.0,2.0,252.24236,No-BG,1.0,0.6
2023-12-09,0.0,3.0,12.041973,BG,1.0,0.6
2023-12-09,0.0,3.0,226.68785,No-BG,1.0,0.6
2023-12-09,0.0,4.0,12.33486,BG,1.0,0.6
2023-12-09,0.0,4.0,205.76875,No-BG,1.0,0.6
2023-12-09,0.0,5.0,14.772354,BG,1.0,0.6
2023-12-09,0.0,5.0,185.12787,No-BG,1.0,0.6
2023-12-09,0.0,6.0,15.70883,BG,1.0,0.6
2023-12-09,0.0,6.0,166.79532,No-BG,1.0,0.6
2023-12-09,0.0,7.0,15.807054,BG,1.0,0.6
2023-12-09,0.0,7.0,138.73607,No-BG,1.0,0.6
2023-12-09,0.0,8.0,15.623247,BG,1.0,0.6
2023-12-09,0.0,8.0,113.57186,No-BG,1.0,0.6
2023-12-09,0.0,9.0,15.182584,BG,1.0,0.6
2023-12-09,0.0,9.0,110.71872,No-BG,1.0,0.6
2023-12-09,0.0,10.0,11.7171135,BG,1.0,0.6
2023-12-09,0.0,10.0,107.77178,No-BG,1.0,0.6
2023-12-09,0.0,11.0,11.919508,BG,1.0,0.6
2023-12-09,0.0,11.0,105.93483,No-BG,1.0,0.6
2023-12-09,0.0,12.0,10.752857,BG,1.0,0.6
2023-12-09,0.0,12.0,104.030365,No-BG,1.0,0.6
2023-12-09,0.0,13.0,10.619435,BG,1.0,0.6
2023-12-09,0.0,13.0,102.20883,No-BG,1.0,0.6
2023-12-09,0.0,14.0,10.346038,BG,1.0,0.6
2023-12-09,0.0,14.0,100.66859,No-BG,1.0,0.6
2023-12-09,4.0,0.0,26.002127,BG,1.0,0.6
2023-12-09,4.0,0.0,127.22949,No-BG,1.0,0.6
2023-12-09,4.0,1.0,10.767802,BG,1.0,0.6
2023-12-09,4.0,1.0,102.20092,No-BG,1.0,0.6
2023-12-09,4.0,2.0,11.101738,BG,1.0,0.6
2023-12-09,4.0,2.0,87.46295,No-BG,1.0,0.6
2023-12-09,4.0,3.0,11.574621,BG,1.0,0.6
2023-12-09,4.0,3.0,73.6814,No-BG,1.0,0.6
2023-12-09,4.0,4.0,12.2732525,BG,1.0,0.6
2023-12-09,4.0,4.0,62.080593,No-BG,1.0,0.6
2023-12-09,4.0,5.0,13.033473,BG,1.0,0.6
2023-12-09,4.0,5.0,54.24802,No-BG,1.0,0.6
2023-12-09,4.0,6.0,13.454388,BG,1.0,0.6
2023-12-09,4.0,6.0,50.24401,No-BG,1.0,0.6
2023-12-09,4.0,7.0,12.900887,BG,1.0,0.6
2023-12-09,4.0,7.0,48.287186,No-BG,1.0,0.6
2023-12-09,4.0,8.0,11.772533,BG,1.0,0.6
2023-12-09,4.0,8.0,47.783043,No-BG,1.0,0.6
2023-12-09,4.0,9.0,10.563355,BG,1.0,0.6
2023-12-09,4.0,9.0,45.362915,No-BG,1.0,0.6
2023-12-09,4.0,10.0,10.173685,BG,1.0,0.6
2023-12-09,4.0,10.0,43.640198,No-BG,1.0,0.6
2023-12-09,4.0,11.0,11.425461,BG,1.0,0.6
2023-12-09,4.0,11.0,43.07616,No-BG,1.0,0.6
2023-12-09,4.0,12.0,12.026599,BG,1.0,0.6
2023-12-09,4.0,12.0,40.124287,No-BG,1.0,0.6
2023-12-09,4.0,13.0,12.170417,BG,1.0,0.6
2023-12-09,4.0,13.0,39.78095,No-BG,1.0,0.6
2023-12-09,4.0,14.0,12.7904415,BG,1.0,0.6
2023-12-09,4.0,14.0,39.142292,No-BG,1.0,0.6
2023-12-10,2.0,0.0,85.80135,BG,1.0,0.6
2023-12-10,2.0,0.0,212.21736,No-BG,1.0,0.6
2023-12-10,2.0,1.0,60.056824,BG,1.0,0.6
2023-12-10,2.0,1.0,170.79018,No-BG,1.0,0.6
2023-12-10,2.0,2.0,49.79968,BG,1.0,0.6
2023-12-10,2.0,2.0,132.83205,No-BG,1.0,0.6
2023-12-10,2.0,3.0,35.40061,BG,1.0,0.6
2023-12-10,2.0,3.0,107.56626,No-BG,1.0,0.6
2023-12-10,2.0,4.0,34.52669,BG,1.0,0.6
2023-12-10,2.0,4.0,98.53327,No-BG,1.0,0.6
2023-12-10,2.0,5.0,30.962584,BG,1.0,0.6
2023-12-10,2.0,5.0,97.84742,No-BG,1.0,0.6
2023-12-10,2.0,6.0,24.052979,BG,1.0,0.6
2023-12-10,2.0,6.0,93.02181,No-BG,1.0,0.6
2023-12-10,2.0,7.0,19.611162,BG,1.0,0.6
2023-12-10,2.0,7.0,86.319695,No-BG,1.0,0.6
2023-12-10,2.0,8.0,19.524136,BG,1.0,0.6
2023-12-10,2.0,8.0,83.8621,No-BG,1.0,0.6
2023-12-10,2.0,9.0,20.21574,BG,1.0,0.6
2023-12-10,2.0,9.0,81.43785,No-BG,1.0,0.6
2023-12-10,2.0,10.0,19.721603,BG,1.0,0.6
2023-12-10,2.0,10.0,79.947655,No-BG,1.0,0.6
2023-12-10,2.0,11.0,20.253675,BG,1.0,0.6
2023-12-10,2.0,11.0,79.97226,No-BG,1.0,0.6
2023-12-10,2.0,12.0,17.926115,BG,1.0,0.6
2023-12-10,2.0,12.0,78.00518,No-BG,1.0,0.6
2023-12-10,2.0,13.0,17.032656,BG,1.0,0.6
2023-12-10,2.0,13.0,76.413315,No-BG,1.0,0.6
2023-12-10,2.0,14.0,16.377901,BG,1.0,0.6
2023-12-10,2.0,14.0,76.30603,No-BG,1.0,0.6
2023-12-10,1.0,0.0,39.903034,BG,1.0,0.6
2023-12-10,1.0,0.0,169.64104,No-BG,1.0,0.6
2023-12-10,1.0,1.0,18.244955,BG,1.0,0.6
2023-12-10,1.0,1.0,130.6867,No-BG,1.0,0.6
2023-12-10,1.0,2.0,12.6491585,BG,1.0,0.6
2023-12-10,1.0,2.0,104.85272,No-BG,1.0,0.6
2023-12-10,1.0,3.0,11.920297,BG,1.0,0.6
2023-12-10,1.0,3.0,92.79725,No-BG,1.0,0.6
2023-12-10,1.0,4.0,9.808074,BG,1.0,0.6
2023-12-10,1.0,4.0,87.61275,No-BG,1.0,0.6
2023-12-10,1.0,5.0,8.868648,BG,1.0,0.6
2023-12-10,1.0,5.0,81.35909,No-BG,1.0,0.6
2023-12-10,1.0,6.0,8.54804,BG,1.0,0.6
2023-12-10,1.0,6.0,76.40888,No-BG,1.0,0.6
2023-12-10,1.0,7.0,9.432257,BG,1.0,0.6
2023-12-10,1.0,7.0,72.55181,No-BG,1.0,0.6
2023-12-10,1.0,8.0,11.157112,BG,1.0,0.6
2023-12-10,1.0,8.0,70.55386,No-BG,1.0,0.6
2023-12-10,1.0,9.0,10.942476,BG,1.0,0.6
2023-12-10,1.0,9.0,67.0105,No-BG,1.0,0.6
2023-12-10,1.0,10.0,12.404016,BG,1.0,0.6
2023-12-10,1.0,10.0,64.94153,No-BG,1.0,0.6
2023-12-10,1.0,11.0,13.859721,BG,1.0,0.6
2023-12-10,1.0,11.0,63.440228,No-BG,1.0,0.6
2023-12-10,1.0,12.0,16.661846,BG,1.0,0.6
2023-12-10,1.0,12.0,63.776142,No-BG,1.0,0.6
2023-12-10,1.0,13.0,15.865344,BG,1.0,0.6
2023-12-10,1.0,13.0,62.200817,No-BG,1.0,0.6
2023-12-10,1.0,14.0,18.022644,BG,1.0,0.6
2023-12-10,1.0,14.0,64.935036,No-BG,1.0,0.6
2023-12-10,5.0,0.0,35.3283,BG,1.0,0.6
2023-12-10,5.0,0.0,129.83315,No-BG,1.0,0.6
2023-12-10,5.0,1.0,21.551004,BG,1.0,0.6
2023-12-10,5.0,1.0,112.48589,No-BG,1.0,0.6
2023-12-10,5.0,2.0,21.149536,BG,1.0,0.6
2023-12-10,5.0,2.0,99.31837,No-BG,1.0,0.6
2023-12-10,5.0,3.0,21.209908,BG,1.0,0.6
2023-12-10,5.0,3.0,88.66463,No-BG,1.0,0.6
2023-12-10,5.0,4.0,22.33962,BG,1.0,0.6
2023-12-10,5.0,4.0,81.97693,No-BG,1.0,0.6
2023-12-10,5.0,5.0,21.291288,BG,1.0,0.6
2023-12-10,5.0,5.0,77.1255,No-BG,1.0,0.6
2023-12-10,5.0,6.0,21.044218,BG,1.0,0.6
2023-12-10,5.0,6.0,73.989655,No-BG,1.0,0.6
2023-12-10,5.0,7.0,20.083387,BG,1.0,0.6
2023-12-10,5.0,7.0,71.522575,No-BG,1.0,0.6
2023-12-10,5.0,8.0,19.510263,BG,1.0,0.6
2023-12-10,5.0,8.0,69.30347,No-BG,1.0,0.6
2023-12-10,5.0,9.0,19.182495,BG,1.0,0.6
2023-12-10,5.0,9.0,66.65409,No-BG,1.0,0.6
2023-12-10,5.0,10.0,19.879642,BG,1.0,0.6
2023-12-10,5.0,10.0,63.99447,No-BG,1.0,0.6
2023-12-10,5.0,11.0,21.076422,BG,1.0,0.6
2023-12-10,5.0,11.0,61.832855,No-BG,1.0,0.6
2023-12-10,5.0,12.0,21.670906,BG,1.0,0.6
2023-12-10,5.0,12.0,60.97273,No-BG,1.0,0.6
2023-12-10,5.0,13.0,18.691746,BG,1.0,0.6
2023-12-10,5.0,13.0,59.80177,No-BG,1.0,0.6
2023-12-10,5.0,14.0,11.871461,BG,1.0,0.6
2023-12-10,5.0,14.0,54.454662,No-BG,1.0,0.6
2023-12-10,3.0,0.0,68.8645,BG,1.0,0.6
2023-12-10,3.0,0.0,277.316,No-BG,1.0,0.6
2023-12-10,3.0,1.0,33.32882,BG,1.0,0.6
2023-12-10,3.0,1.0,212.5799,No-BG,1.0,0.6
2023-12-10,3.0,2.0,25.97608,BG,1.0,0.6
2023-12-10,3.0,2.0,165.48143,No-BG,1.0,0.6
2023-12-10,3.0,3.0,24.851072,BG,1.0,0.6
2023-12-10,3.0,3.0,139.95995,No-BG,1.0,0.6
2023-12-10,3.0,4.0,24.321598,BG,1.0,0.6
2023-12-10,3.0,4.0,124.56675,No-BG,1.0,0.6
2023-12-10,3.0,5.0,23.569921,BG,1.0,0.6
2023-12-10,3.0,5.0,116.05021,No-BG,1.0,0.6
2023-12-10,3.0,6.0,23.839308,BG,1.0,0.6
2023-12-10,3.0,6.0,112.49187,No-BG,1.0,0.6
2023-12-10,3.0,7.0,23.91187,BG,1.0,0.6
2023-12-10,3.0,7.0,112.593575,No-BG,1.0,0.6
2023-12-10,3.0,8.0,23.068203,BG,1.0,0.6
2023-12-10,3.0,8.0,110.30466,No-BG,1.0,0.6
2023-12-10,3.0,9.0,23.631495,BG,1.0,0.6
2023-12-10,3.0,9.0,110.107216,No-BG,1.0,0.6
2023-12-10,3.0,10.0,22.305485,BG,1.0,0.6
2023-12-10,3.0,10.0,107.86769,No-BG,1.0,0.6
2023-12-10,3.0,11.0,23.174856,BG,1.0,0.6
2023-12-10,3.0,11.0,108.23901,No-BG,1.0,0.6
2023-12-10,3.0,12.0,23.98948,BG,1.0,0.6
2023-12-10,3.0,12.0,107.16648,No-BG,1.0,0.6
2023-12-10,3.0,13.0,23.867542,BG,1.0,0.6
2023-12-10,3.0,13.0,107.148834,No-BG,1.0,0.6
2023-12-10,3.0,14.0,23.297483,BG,1.0,0.6
2023-12-10,3.0,14.0,104.863304,No-BG,1.0,0.6
2023-12-10,0.0,0.0,73.84885,BG,1.0,0.6
2023-12-10,0.0,0.0,207.15196,No-BG,1.0,0.6
2023-12-10,0.0,1.0,45.004993,BG,1.0,0.6
2023-12-10,0.0,1.0,171.9851,No-BG,1.0,0.6
2023-12-10,0.0,2.0,28.362614,BG,1.0,0.6
2023-12-10,0.0,2.0,152.0403,No-BG,1.0,0.6
2023-12-10,0.0,3.0,22.695297,BG,1.0,0.6
2023-12-10,0.0,3.0,132.00246,No-BG,1.0,0.6
2023-12-10,0.0,4.0,22.287416,BG,1.0,0.6
2023-12-10,0.0,4.0,118.49556,No-BG,1.0,0.6
2023-12-10,0.0,5.0,21.0435,BG,1.0,0.6
2023-12-10,0.0,5.0,115.3585,No-BG,1.0,0.6
2023-12-10,0.0,6.0,19.93833,BG,1.0,0.6
2023-12-10,0.0,6.0,114.28581,No-BG,1.0,0.6
2023-12-10,0.0,7.0,19.402586,BG,1.0,0.6
2023-12-10,0.0,7.0,112.62132,No-BG,1.0,0.6
2023-12-10,0.0,8.0,19.223877,BG,1.0,0.6
2023-12-10,0.0,8.0,110.4695,No-BG,1.0,0.6
2023-12-10,0.0,9.0,19.327135,BG,1.0,0.6
2023-12-10,0.0,9.0,108.47793,No-BG,1.0,0.6
2023-12-10,0.0,10.0,20.031477,BG,1.0,0.6
2023-12-10,0.0,10.0,107.70957,No-BG,1.0,0.6
2023-12-10,0.0,11.0,20.214546,BG,1.0,0.6
2023-12-10,0.0,11.0,105.92252,No-BG,1.0,0.6
2023-12-10,0.0,12.0,20.712732,BG,1.0,0.6
2023-12-10,0.0,12.0,106.01204,No-BG,1.0,0.6
2023-12-10,0.0,13.0,21.352947,BG,1.0,0.6
2023-12-10,0.0,13.0,103.59697,No-BG,1.0,0.6
2023-12-10,0.0,14.0,19.381,BG,1.0,0.6
2023-12-10,0.0,14.0,102.2476,No-BG,1.0,0.6
2023-12-10,4.0,0.0,85.15494,BG,1.0,0.6
2023-12-10,4.0,0.0,343.83185,No-BG,1.0,0.6
2023-12-10,4.0,1.0,57.411358,BG,1.0,0.6
2023-12-10,4.0,1.0,294.63788,No-BG,1.0,0.6
2023-12-10,4.0,2.0,55.483658,BG,1.0,0.6
2023-12-10,4.0,2.0,252.12729,No-BG,1.0,0.6
2023-12-10,4.0,3.0,49.484615,BG,1.0,0.6
2023-12-10,4.0,3.0,214.55827,No-BG,1.0,0.6
2023-12-10,4.0,4.0,49.074463,BG,1.0,0.6
2023-12-10,4.0,4.0,176.62823,No-BG,1.0,0.6
2023-12-10,4.0,5.0,45.320496,BG,1.0,0.6
2023-12-10,4.0,5.0,141.26074,No-BG,1.0,0.6
2023-12-10,4.0,6.0,44.18049,BG,1.0,0.6
2023-12-10,4.0,6.0,115.329926,No-BG,1.0,0.6
2023-12-10,4.0,7.0,44.052334,BG,1.0,0.6
2023-12-10,4.0,7.0,104.46267,No-BG,1.0,0.6
2023-12-10,4.0,8.0,38.23876,BG,1.0,0.6
2023-12-10,4.0,8.0,98.70044,No-BG,1.0,0.6
2023-12-10,4.0,9.0,37.55603,BG,1.0,0.6
2023-12-10,4.0,9.0,92.78114,No-BG,1.0,0.6
2023-12-10,4.0,10.0,39.08639,BG,1.0,0.6
2023-12-10,4.0,10.0,88.06935,No-BG,1.0,0.6
2023-12-10,4.0,11.0,38.94781,BG,1.0,0.6
2023-12-10,4.0,11.0,82.07123,No-BG,1.0,0.6
2023-12-10,4.0,12.0,37.86077,BG,1.0,0.6
2023-12-10,4.0,12.0,77.23737,No-BG,1.0,0.6
2023-12-10,4.0,13.0,40.124924,BG,1.0,0.6
2023-12-10,4.0,13.0,73.558044,No-BG,1.0,0.6
2023-12-10,4.0,14.0,45.02799,BG,1.0,0.6
2023-12-10,4.0,14.0,72.59725,No-BG,1.0,0.6
2023-12-12,7.0,0.0,58.881287,BG,1.0,0.6
2023-12-12,7.0,0.0,221.88458,No-BG,1.0,0.6
2023-12-12,7.0,1.0,11.218322,BG,1.0,0.6
2023-12-12,7.0,1.0,175.62762,No-BG,1.0,0.6
2023-12-12,7.0,2.0,10.008491,BG,1.0,0.6
2023-12-12,7.0,2.0,141.79808,No-BG,1.0,0.6
2023-12-12,7.0,3.0,11.440582,BG,1.0,0.6
2023-12-12,7.0,3.0,119.14113,No-BG,1.0,0.6
2023-12-12,7.0,4.0,11.877987,BG,1.0,0.6
2023-12-12,7.0,4.0,105.25071,No-BG,1.0,0.6
2023-12-12,7.0,5.0,10.073956,BG,1.0,0.6
2023-12-12,7.0,5.0,93.56236,No-BG,1.0,0.6
2023-12-12,7.0,6.0,8.76262,BG,1.0,0.6
2023-12-12,7.0,6.0,80.54921,No-BG,1.0,0.6
2023-12-12,7.0,7.0,10.971979,BG,1.0,0.6
2023-12-12,7.0,7.0,70.862,No-BG,1.0,0.6
2023-12-12,7.0,8.0,11.24387,BG,1.0,0.6
2023-12-12,7.0,8.0,63.079918,No-BG,1.0,0.6
2023-12-12,7.0,9.0,10.017379,BG,1.0,0.6
2023-12-12,7.0,9.0,57.571583,No-BG,1.0,0.6
2023-12-12,7.0,10.0,10.719724,BG,1.0,0.6
2023-12-12,7.0,10.0,53.28842,No-BG,1.0,0.6
2023-12-12,7.0,11.0,11.66475,BG,1.0,0.6
2023-12-12,7.0,11.0,52.232338,No-BG,1.0,0.6
2023-12-12,7.0,12.0,10.524721,BG,1.0,0.6
2023-12-12,7.0,12.0,51.18171,No-BG,1.0,0.6
2023-12-12,7.0,13.0,12.08305,BG,1.0,0.6
2023-12-12,7.0,13.0,51.252823,No-BG,1.0,0.6
2023-12-12,7.0,14.0,12.015232,BG,1.0,0.6
2023-12-12,7.0,14.0,50.09615,No-BG,1.0,0.6
2023-12-12,2.0,0.0,214.90213,BG,0.0,0.6
2023-12-12,2.0,0.0,249.64325,No-BG,0.0,0.6
2023-12-12,2.0,1.0,177.78038,BG,0.0,0.6
2023-12-12,2.0,1.0,230.21713,No-BG,0.0,0.6
2023-12-12,2.0,2.0,170.0539,BG,0.0,0.6
2023-12-12,2.0,2.0,218.48932,No-BG,0.0,0.6
2023-12-12,2.0,3.0,173.34447,BG,0.0,0.6
2023-12-12,2.0,3.0,213.66708,No-BG,0.0,0.6
2023-12-12,2.0,4.0,179.77953,BG,0.0,0.6
2023-12-12,2.0,4.0,215.64828,No-BG,0.0,0.6
2023-12-12,2.0,5.0,181.03912,BG,0.0,0.6
2023-12-12,2.0,5.0,214.78537,No-BG,0.0,0.6
2023-12-12,2.0,6.0,172.08609,BG,0.0,0.6
2023-12-12,2.0,6.0,204.8166,No-BG,0.0,0.6
2023-12-12,2.0,7.0,159.33136,BG,0.0,0.6
2023-12-12,2.0,7.0,192.48688,No-BG,0.0,0.6
2023-12-12,2.0,8.0,145.76236,BG,0.0,0.6
2023-12-12,2.0,8.0,177.811,No-BG,0.0,0.6
2023-12-12,2.0,9.0,136.62453,BG,0.0,0.6
2023-12-12,2.0,9.0,167.74162,No-BG,0.0,0.6
2023-12-12,2.0,10.0,138.25851,BG,0.0,0.6
2023-12-12,2.0,10.0,168.47696,No-BG,0.0,0.6
2023-12-12,2.0,11.0,150.00545,BG,0.0,0.6
2023-12-12,2.0,11.0,179.14275,No-BG,0.0,0.6
2023-12-12,2.0,12.0,150.8522,BG,0.0,0.6
2023-12-12,2.0,12.0,178.07721,No-BG,0.0,0.6
2023-12-12,2.0,13.0,150.54796,BG,0.0,0.6
2023-12-12,2.0,13.0,177.20967,No-BG,0.0,0.6
2023-12-12,2.0,14.0,132.32614,BG,0.0,0.6
2023-12-12,2.0,14.0,158.03603,No-BG,0.0,0.6
2023-12-12,8.0,0.0,302.20337,BG,0.0,0.6
2023-12-12,8.0,0.0,321.00403,No-BG,0.0,0.6
2023-12-12,8.0,1.0,242.15984,BG,0.0,0.6
2023-12-12,8.0,1.0,273.99713,No-BG,0.0,0.6
2023-12-12,8.0,2.0,204.37846,BG,0.0,0.6
2023-12-12,8.0,2.0,237.878,No-BG,0.0,0.6
2023-12-12,8.0,3.0,178.63104,BG,0.0,0.6
2023-12-12,8.0,3.0,211.31306,No-BG,0.0,0.6
2023-12-12,8.0,4.0,160.87895,BG,0.0,0.6
2023-12-12,8.0,4.0,192.82031,No-BG,0.0,0.6
2023-12-12,8.0,5.0,147.92525,BG,0.0,0.6
2023-12-12,8.0,5.0,180.07791,No-BG,0.0,0.6
2023-12-12,8.0,6.0,139.84178,BG,0.0,0.6
2023-12-12,8.0,6.0,171.72325,No-BG,0.0,0.6
2023-12-12,8.0,7.0,137.01607,BG,0.0,0.6
2023-12-12,8.0,7.0,167.33788,No-BG,0.0,0.6
2023-12-12,8.0,8.0,130.90575,BG,0.0,0.6
2023-12-12,8.0,8.0,161.30702,No-BG,0.0,0.6
2023-12-12,8.0,9.0,129.59317,BG,0.0,0.6
2023-12-12,8.0,9.0,159.0289,No-BG,0.0,0.6
2023-12-12,8.0,10.0,128.78444,BG,0.0,0.6
2023-12-12,8.0,10.0,156.67015,No-BG,0.0,0.6
2023-12-12,8.0,11.0,127.96367,BG,0.0,0.6
2023-12-12,8.0,11.0,154.6509,No-BG,0.0,0.6
2023-12-12,8.0,12.0,129.35971,BG,0.0,0.6
2023-12-12,8.0,12.0,155.2069,No-BG,0.0,0.6
2023-12-12,8.0,13.0,132.37364,BG,0.0,0.6
2023-12-12,8.0,13.0,156.34387,No-BG,0.0,0.6
2023-12-12,8.0,14.0,133.8433,BG,0.0,0.6
2023-12-12,8.0,14.0,156.0941,No-BG,0.0,0.6
2023-12-12,1.0,0.0,89.71242,BG,1.0,0.6
2023-12-12,1.0,0.0,314.63174,No-BG,1.0,0.6
2023-12-12,1.0,1.0,55.45512,BG,1.0,0.6
2023-12-12,1.0,1.0,271.39194,No-BG,1.0,0.6
2023-12-12,1.0,2.0,51.184303,BG,1.0,0.6
2023-12-12,1.0,2.0,233.66283,No-BG,1.0,0.6
2023-12-12,1.0,3.0,46.237293,BG,1.0,0.6
2023-12-12,1.0,3.0,201.42497,No-BG,1.0,0.6
2023-12-12,1.0,4.0,42.652527,BG,1.0,0.6
2023-12-12,1.0,4.0,175.1623,No-BG,1.0,0.6
2023-12-12,1.0,5.0,41.226334,BG,1.0,0.6
2023-12-12,1.0,5.0,153.95004,No-BG,1.0,0.6
2023-12-12,1.0,6.0,32.394615,BG,1.0,0.6
2023-12-12,1.0,6.0,137.35431,No-BG,1.0,0.6
2023-12-12,1.0,7.0,29.926563,BG,1.0,0.6
2023-12-12,1.0,7.0,120.72355,No-BG,1.0,0.6
2023-12-12,1.0,8.0,31.71064,BG,1.0,0.6
2023-12-12,1.0,8.0,105.886345,No-BG,1.0,0.6
2023-12-12,1.0,9.0,30.713318,BG,1.0,0.6
2023-12-12,1.0,9.0,92.93373,No-BG,1.0,0.6
2023-12-12,1.0,10.0,31.017338,BG,1.0,0.6
2023-12-12,1.0,10.0,79.35399,No-BG,1.0,0.6
2023-12-12,1.0,11.0,32.404297,BG,1.0,0.6
2023-12-12,1.0,11.0,68.672935,No-BG,1.0,0.6
2023-12-12,1.0,12.0,31.30848,BG,1.0,0.6
2023-12-12,1.0,12.0,61.104584,No-BG,1.0,0.6
2023-12-12,1.0,13.0,30.447302,BG,1.0,0.6
2023-12-12,1.0,13.0,56.119,No-BG,1.0,0.6
2023-12-12,1.0,14.0,30.586864,BG,1.0,0.6
2023-12-12,1.0,14.0,52.21725,No-BG,1.0,0.6
2023-12-12,5.0,0.0,51.383667,BG,1.0,0.6
2023-12-12,5.0,0.0,112.33813,No-BG,1.0,0.6
2023-12-12,5.0,1.0,29.230719,BG,1.0,0.6
2023-12-12,5.0,1.0,86.878654,No-BG,1.0,0.6
2023-12-12,5.0,2.0,28.169588,BG,1.0,0.6
2023-12-12,5.0,2.0,82.38827,No-BG,1.0,0.6
2023-12-12,5.0,3.0,27.319288,BG,1.0,0.6
2023-12-12,5.0,3.0,77.354904,No-BG,1.0,0.6
2023-12-12,5.0,4.0,28.25948,BG,1.0,0.6
2023-12-12,5.0,4.0,72.65366,No-BG,1.0,0.6
2023-12-12,5.0,5.0,28.297173,BG,1.0,0.6
2023-12-12,5.0,5.0,69.73384,No-BG,1.0,0.6
2023-12-12,5.0,6.0,24.79555,BG,1.0,0.6
2023-12-12,5.0,6.0,65.91458,No-BG,1.0,0.6
2023-12-12,5.0,7.0,22.224682,BG,1.0,0.6
2023-12-12,5.0,7.0,62.481377,No-BG,1.0,0.6
2023-12-12,5.0,8.0,23.12761,BG,1.0,0.6
2023-12-12,5.0,8.0,61.324802,No-BG,1.0,0.6
2023-12-12,5.0,9.0,25.73642,BG,1.0,0.6
2023-12-12,5.0,9.0,61.5204,No-BG,1.0,0.6
2023-12-12,5.0,10.0,27.827204,BG,1.0,0.6
2023-12-12,5.0,10.0,62.700558,No-BG,1.0,0.6
2023-12-12,5.0,11.0,26.574053,BG,1.0,0.6
2023-12-12,5.0,11.0,60.838585,No-BG,1.0,0.6
2023-12-12,5.0,12.0,27.975307,BG,1.0,0.6
2023-12-12,5.0,12.0,60.09574,No-BG,1.0,0.6
2023-12-12,5.0,13.0,28.370537,BG,1.0,0.6
2023-12-12,5.0,13.0,59.162563,No-BG,1.0,0.6
2023-12-12,5.0,14.0,29.767273,BG,1.0,0.6
2023-12-12,5.0,14.0,59.978203,No-BG,1.0,0.6
2023-12-12,3.0,0.0,50.510303,BG,1.0,0.6
2023-12-12,3.0,0.0,129.66975,No-BG,1.0,0.6
2023-12-12,3.0,1.0,18.9268,BG,1.0,0.6
2023-12-12,3.0,1.0,101.59002,No-BG,1.0,0.6
2023-12-12,3.0,2.0,16.224865,BG,1.0,0.6
2023-12-12,3.0,2.0,90.57779,No-BG,1.0,0.6
2023-12-12,3.0,3.0,12.41856,BG,1.0,0.6
2023-12-12,3.0,3.0,86.732414,No-BG,1.0,0.6
2023-12-12,3.0,4.0,11.7386875,BG,1.0,0.6
2023-12-12,3.0,4.0,81.72793,No-BG,1.0,0.6
2023-12-12,3.0,5.0,14.796729,BG,1.0,0.6
2023-12-12,3.0,5.0,79.22126,No-BG,1.0,0.6
2023-12-12,3.0,6.0,13.462963,BG,1.0,0.6
2023-12-12,3.0,6.0,72.25381,No-BG,1.0,0.6
2023-12-12,3.0,7.0,16.303024,BG,1.0,0.6
2023-12-12,3.0,7.0,64.09069,No-BG,1.0,0.6
2023-12-12,3.0,8.0,19.027687,BG,1.0,0.6
2023-12-12,3.0,8.0,56.719418,No-BG,1.0,0.6
2023-12-12,3.0,9.0,19.347193,BG,1.0,0.6
2023-12-12,3.0,9.0,51.143436,No-BG,1.0,0.6
2023-12-12,3.0,10.0,19.065292,BG,1.0,0.6
2023-12-12,3.0,10.0,47.27354,No-BG,1.0,0.6
2023-12-12,3.0,11.0,19.42471,BG,1.0,0.6
2023-12-12,3.0,11.0,48.791145,No-BG,1.0,0.6
2023-12-12,3.0,12.0,19.944395,BG,1.0,0.6
2023-12-12,3.0,12.0,48.196186,No-BG,1.0,0.6
2023-12-12,3.0,13.0,19.793976,BG,1.0,0.6
2023-12-12,3.0,13.0,45.955006,No-BG,1.0,0.6
2023-12-12,3.0,14.0,20.7932,BG,1.0,0.6
2023-12-12,3.0,14.0,45.180355,No-BG,1.0,0.6
2023-12-12,6.0,0.0,169.67136,BG,0.0,0.6
2023-12-12,6.0,0.0,293.19067,No-BG,0.0,0.6
2023-12-12,6.0,1.0,135.8566,BG,0.0,0.6
2023-12-12,6.0,1.0,245.81303,No-BG,0.0,0.6
2023-12-12,6.0,2.0,128.59879,BG,0.0,0.6
2023-12-12,6.0,2.0,208.47192,No-BG,0.0,0.6
2023-12-12,6.0,3.0,124.498,BG,0.0,0.6
2023-12-12,6.0,3.0,180.59297,No-BG,0.0,0.6
2023-12-12,6.0,4.0,122.59811,BG,0.0,0.6
2023-12-12,6.0,4.0,160.74474,No-BG,0.0,0.6
2023-12-12,6.0,5.0,121.323875,BG,0.0,0.6
2023-12-12,6.0,5.0,147.06665,No-BG,0.0,0.6
2023-12-12,6.0,6.0,120.21133,BG,0.0,0.6
2023-12-12,6.0,6.0,138.98386,No-BG,0.0,0.6
2023-12-12,6.0,7.0,120.85027,BG,0.0,0.6
2023-12-12,6.0,7.0,133.84935,No-BG,0.0,0.6
2023-12-12,6.0,8.0,119.701065,BG,0.0,0.6
2023-12-12,6.0,8.0,133.04475,No-BG,0.0,0.6
2023-12-12,6.0,9.0,120.313644,BG,0.0,0.6
2023-12-12,6.0,9.0,132.87022,No-BG,0.0,0.6
2023-12-12,6.0,10.0,119.31714,BG,0.0,0.6
2023-12-12,6.0,10.0,131.60788,No-BG,0.0,0.6
2023-12-12,6.0,11.0,120.90631,BG,0.0,0.6
2023-12-12,6.0,11.0,132.00612,No-BG,0.0,0.6
2023-12-12,6.0,12.0,118.59136,BG,0.0,0.6
2023-12-12,6.0,12.0,131.31339,No-BG,0.0,0.6
2023-12-12,6.0,13.0,120.85021,BG,0.0,0.6
2023-12-12,6.0,13.0,132.0896,No-BG,0.0,0.6
2023-12-12,6.0,14.0,118.07208,BG,0.0,0.6
2023-12-12,6.0,14.0,130.66208,No-BG,0.0,0.6
2023-12-12,9.0,0.0,49.90923,BG,1.0,0.6
2023-12-12,9.0,0.0,218.63034,No-BG,1.0,0.6
2023-12-12,9.0,1.0,12.62151,BG,1.0,0.6
2023-12-12,9.0,1.0,173.40758,No-BG,1.0,0.6
2023-12-12,9.0,2.0,13.556138,BG,1.0,0.6
2023-12-12,9.0,2.0,142.81927,No-BG,1.0,0.6
2023-12-12,9.0,3.0,14.124886,BG,1.0,0.6
2023-12-12,9.0,3.0,123.02284,No-BG,1.0,0.6
2023-12-12,9.0,4.0,15.358156,BG,1.0,0.6
2023-12-12,9.0,4.0,109.50756,No-BG,1.0,0.6
2023-12-12,9.0,5.0,18.30119,BG,1.0,0.6
2023-12-12,9.0,5.0,100.9875,No-BG,1.0,0.6
2023-12-12,9.0,6.0,18.132496,BG,1.0,0.6
2023-12-12,9.0,6.0,93.87371,No-BG,1.0,0.6
2023-12-12,9.0,7.0,15.79462,BG,1.0,0.6
2023-12-12,9.0,7.0,88.125435,No-BG,1.0,0.6
2023-12-12,9.0,8.0,14.662982,BG,1.0,0.6
2023-12-12,9.0,8.0,82.577065,No-BG,1.0,0.6
2023-12-12,9.0,9.0,15.111117,BG,1.0,0.6
2023-12-12,9.0,9.0,77.968056,No-BG,1.0,0.6
2023-12-12,9.0,10.0,16.307238,BG,1.0,0.6
2023-12-12,9.0,10.0,73.743935,No-BG,1.0,0.6
2023-12-12,9.0,11.0,16.204144,BG,1.0,0.6
2023-12-12,9.0,11.0,71.30027,No-BG,1.0,0.6
2023-12-12,9.0,12.0,16.61493,BG,1.0,0.6
2023-12-12,9.0,12.0,69.18077,No-BG,1.0,0.6
2023-12-12,9.0,13.0,16.825111,BG,1.0,0.6
2023-12-12,9.0,13.0,66.772766,No-BG,1.0,0.6
2023-12-12,9.0,14.0,16.985065,BG,1.0,0.6
2023-12-12,9.0,14.0,65.00199,No-BG,1.0,0.6
2023-12-12,0.0,0.0,174.14069,BG,0.0,0.6
2023-12-12,0.0,0.0,244.65956,No-BG,0.0,0.6
2023-12-12,0.0,1.0,123.39214,BG,0.0,0.6
2023-12-12,0.0,1.0,212.96338,No-BG,0.0,0.6
2023-12-12,0.0,2.0,112.49917,BG,0.0,0.6
2023-12-12,0.0,2.0,188.43466,No-BG,0.0,0.6
2023-12-12,0.0,3.0,110.62425,BG,0.0,0.6
2023-12-12,0.0,3.0,169.36865,No-BG,0.0,0.6
2023-12-12,0.0,4.0,111.50519,BG,0.0,0.6
2023-12-12,0.0,4.0,155.98741,No-BG,0.0,0.6
2023-12-12,0.0,5.0,113.96502,BG,0.0,0.6
2023-12-12,0.0,5.0,147.27657,No-BG,0.0,0.6
2023-12-12,0.0,6.0,116.05635,BG,0.0,0.6
2023-12-12,0.0,6.0,141.81198,No-BG,0.0,0.6
2023-12-12,0.0,7.0,116.44808,BG,0.0,0.6
2023-12-12,0.0,7.0,138.33594,No-BG,0.0,0.6
2023-12-12,0.0,8.0,115.75153,BG,0.0,0.6
2023-12-12,0.0,8.0,134.99066,No-BG,0.0,0.6
2023-12-12,0.0,9.0,115.07574,BG,0.0,0.6
2023-12-12,0.0,9.0,132.52994,No-BG,0.0,0.6
2023-12-12,0.0,10.0,114.285,BG,0.0,0.6
2023-12-12,0.0,10.0,130.95177,No-BG,0.0,0.6
2023-12-12,0.0,11.0,111.88873,BG,0.0,0.6
2023-12-12,0.0,11.0,128.53645,No-BG,0.0,0.6
2023-12-12,0.0,12.0,108.101166,BG,0.0,0.6
2023-12-12,0.0,12.0,126.35277,No-BG,0.0,0.6
2023-12-12,0.0,13.0,104.849075,BG,0.0,0.6
2023-12-12,0.0,13.0,124.850334,No-BG,0.0,0.6
2023-12-12,0.0,14.0,104.73056,BG,0.0,0.6
2023-12-12,0.0,14.0,125.15804,No-BG,0.0,0.6
2023-12-12,4.0,0.0,157.72205,BG,0.0,0.6
2023-12-12,4.0,0.0,235.95021,No-BG,0.0,0.6
2023-12-12,4.0,1.0,121.25327,BG,0.0,0.6
2023-12-12,4.0,1.0,209.45654,No-BG,0.0,0.6
2023-12-12,4.0,2.0,116.64102,BG,0.0,0.6
2023-12-12,4.0,2.0,194.73979,No-BG,0.0,0.6
2023-12-12,4.0,3.0,109.48996,BG,0.0,0.6
2023-12-12,4.0,3.0,180.024,No-BG,0.0,0.6
2023-12-12,4.0,4.0,106.39692,BG,0.0,0.6
2023-12-12,4.0,4.0,167.74928,No-BG,0.0,0.6
2023-12-12,4.0,5.0,103.329956,BG,0.0,0.6
2023-12-12,4.0,5.0,158.98358,No-BG,0.0,0.6
2023-12-12,4.0,6.0,104.59472,BG,0.0,0.6
2023-12-12,4.0,6.0,155.0981,No-BG,0.0,0.6
2023-12-12,4.0,7.0,104.13421,BG,0.0,0.6
2023-12-12,4.0,7.0,152.1953,No-BG,0.0,0.6
2023-12-12,4.0,8.0,105.53964,BG,0.0,0.6
2023-12-12,4.0,8.0,149.57732,No-BG,0.0,0.6
2023-12-12,4.0,9.0,104.5923,BG,0.0,0.6
2023-12-12,4.0,9.0,146.22987,No-BG,0.0,0.6
2023-12-12,4.0,10.0,106.46154,BG,0.0,0.6
2023-12-12,4.0,10.0,146.60733,No-BG,0.0,0.6
2023-12-12,4.0,11.0,105.47992,BG,0.0,0.6
2023-12-12,4.0,11.0,144.45265,No-BG,0.0,0.6
2023-12-12,4.0,12.0,105.857666,BG,0.0,0.6
2023-12-12,4.0,12.0,144.00813,No-BG,0.0,0.6
2023-12-12,4.0,13.0,105.038,BG,0.0,0.6
2023-12-12,4.0,13.0,142.80415,No-BG,0.0,0.6
2023-12-12,4.0,14.0,106.604324,BG,0.0,0.6
2023-12-12,4.0,14.0,143.02887,No-BG,0.0,0.6
2023-12-11,2.0,0.0,243.1502,BG,0.0,0.6
2023-12-11,2.0,0.0,292.54456,No-BG,0.0,0.6
2023-12-11,2.0,1.0,219.6997,BG,0.0,0.6
2023-12-11,2.0,1.0,275.80783,No-BG,0.0,0.6
2023-12-11,2.0,2.0,210.94577,BG,0.0,0.6
2023-12-11,2.0,2.0,261.97437,No-BG,0.0,0.6
2023-12-11,2.0,3.0,195.10117,BG,0.0,0.6
2023-12-11,2.0,3.0,240.07092,No-BG,0.0,0.6
2023-12-11,2.0,4.0,195.00667,BG,0.0,0.6
2023-12-11,2.0,4.0,233.7235,No-BG,0.0,0.6
2023-12-11,2.0,5.0,199.7578,BG,0.0,0.6
2023-12-11,2.0,5.0,231.00323,No-BG,0.0,0.6
2023-12-11,2.0,6.0,216.29105,BG,0.0,0.6
2023-12-11,2.0,6.0,261.67926,No-BG,0.0,0.6
2023-12-11,2.0,7.0,199.69756,BG,0.0,0.6
2023-12-11,2.0,7.0,231.57956,No-BG,0.0,0.6
2023-12-11,2.0,8.0,212.86246,BG,0.0,0.6
2023-12-11,2.0,8.0,260.31113,No-BG,0.0,0.6
2023-12-11,2.0,9.0,192.92307,BG,0.0,0.6
2023-12-11,2.0,9.0,226.89537,No-BG,0.0,0.6
2023-12-11,2.0,10.0,197.29944,BG,0.0,0.6
2023-12-11,2.0,10.0,243.13,No-BG,0.0,0.6
2023-12-11,2.0,11.0,182.59319,BG,0.0,0.6
2023-12-11,2.0,11.0,218.11871,No-BG,0.0,0.6
2023-12-11,2.0,12.0,188.42136,BG,0.0,0.6
2023-12-11,2.0,12.0,232.93317,No-BG,0.0,0.6
2023-12-11,2.0,13.0,175.96391,BG,0.0,0.6
2023-12-11,2.0,13.0,212.42232,No-BG,0.0,0.6
2023-12-11,2.0,14.0,173.30826,BG,0.0,0.6
2023-12-11,2.0,14.0,214.7444,No-BG,0.0,0.6
2023-12-11,1.0,0.0,32.037685,BG,1.0,0.6
2023-12-11,1.0,0.0,144.81786,No-BG,1.0,0.6
2023-12-11,1.0,1.0,10.549962,BG,1.0,0.6
2023-12-11,1.0,1.0,112.277405,No-BG,1.0,0.6
2023-12-11,1.0,2.0,10.002111,BG,1.0,0.6
2023-12-11,1.0,2.0,85.72104,No-BG,1.0,0.6
2023-12-11,1.0,3.0,9.690882,BG,1.0,0.6
2023-12-11,1.0,3.0,66.50403,No-BG,1.0,0.6
2023-12-11,1.0,4.0,9.438109,BG,1.0,0.6
2023-12-11,1.0,4.0,52.83249,No-BG,1.0,0.6
2023-12-11,1.0,5.0,9.604366,BG,1.0,0.6
2023-12-11,1.0,5.0,43.40509,No-BG,1.0,0.6
2023-12-11,1.0,6.0,9.543419,BG,1.0,0.6
2023-12-11,1.0,6.0,36.67074,No-BG,1.0,0.6
2023-12-11,1.0,7.0,8.897341,BG,1.0,0.6
2023-12-11,1.0,7.0,32.965115,No-BG,1.0,0.6
2023-12-11,1.0,8.0,9.1819515,BG,1.0,0.6
2023-12-11,1.0,8.0,31.766222,No-BG,1.0,0.6
2023-12-11,1.0,9.0,9.5247555,BG,1.0,0.6
2023-12-11,1.0,9.0,28.527714,No-BG,1.0,0.6
2023-12-11,1.0,10.0,10.949622,BG,1.0,0.6
2023-12-11,1.0,10.0,26.177055,No-BG,1.0,0.6
2023-12-11,1.0,11.0,13.028619,BG,1.0,0.6
2023-12-11,1.0,11.0,24.818245,No-BG,1.0,0.6
2023-12-11,1.0,12.0,13.996583,BG,1.0,0.6
2023-12-11,1.0,12.0,24.598787,No-BG,1.0,0.6
2023-12-11,1.0,13.0,13.575659,BG,1.0,0.6
2023-12-11,1.0,13.0,24.31731,No-BG,1.0,0.6
2023-12-11,1.0,14.0,13.715727,BG,1.0,0.6
2023-12-11,1.0,14.0,23.250868,No-BG,1.0,0.6
2023-12-11,3.0,0.0,88.756836,BG,1.0,0.6
2023-12-11,3.0,0.0,329.78806,No-BG,1.0,0.6
2023-12-11,3.0,1.0,36.181465,BG,1.0,0.6
2023-12-11,3.0,1.0,260.59924,No-BG,1.0,0.6
2023-12-11,3.0,2.0,24.882355,BG,1.0,0.6
2023-12-11,3.0,2.0,210.42674,No-BG,1.0,0.6
2023-12-11,3.0,3.0,23.179058,BG,1.0,0.6
2023-12-11,3.0,3.0,175.81587,No-BG,1.0,0.6
2023-12-11,3.0,4.0,25.666414,BG,1.0,0.6
2023-12-11,3.0,4.0,142.63402,No-BG,1.0,0.6
2023-12-11,3.0,5.0,25.279295,BG,1.0,0.6
2023-12-11,3.0,5.0,119.38707,No-BG,1.0,0.6
2023-12-11,3.0,6.0,25.757475,BG,1.0,0.6
2023-12-11,3.0,6.0,114.39088,No-BG,1.0,0.6
2023-12-11,3.0,7.0,20.784628,BG,1.0,0.6
2023-12-11,3.0,7.0,110.64635,No-BG,1.0,0.6
2023-12-11,3.0,8.0,20.305922,BG,1.0,0.6
2023-12-11,3.0,8.0,109.70364,No-BG,1.0,0.6
2023-12-11,3.0,9.0,16.0807,BG,1.0,0.6
2023-12-11,3.0,9.0,104.60233,No-BG,1.0,0.6
2023-12-11,3.0,10.0,15.382117,BG,1.0,0.6
2023-12-11,3.0,10.0,101.154594,No-BG,1.0,0.6
2023-12-11,3.0,11.0,15.414362,BG,1.0,0.6
2023-12-11,3.0,11.0,98.30996,No-BG,1.0,0.6
2023-12-11,3.0,12.0,16.912567,BG,1.0,0.6
2023-12-11,3.0,12.0,96.552956,No-BG,1.0,0.6
2023-12-11,3.0,13.0,17.32155,BG,1.0,0.6
2023-12-11,3.0,13.0,93.735855,No-BG,1.0,0.6
2023-12-11,3.0,14.0,20.963947,BG,1.0,0.6
2023-12-11,3.0,14.0,92.406075,No-BG,1.0,0.6
2023-12-11,0.0,0.0,222.54718,BG,0.0,0.6
2023-12-11,0.0,0.0,270.35953,No-BG,0.0,0.6
2023-12-11,0.0,1.0,168.50635,BG,0.0,0.6
2023-12-11,0.0,1.0,251.63281,No-BG,0.0,0.6
2023-12-11,0.0,2.0,148.86456,BG,0.0,0.6
2023-12-11,0.0,2.0,234.83556,No-BG,0.0,0.6
2023-12-11,0.0,3.0,142.6834,BG,0.0,0.6
2023-12-11,0.0,3.0,220.1991,No-BG,0.0,0.6
2023-12-11,0.0,4.0,138.28975,BG,0.0,0.6
2023-12-11,0.0,4.0,206.20296,No-BG,0.0,0.6
2023-12-11,0.0,5.0,131.69073,BG,0.0,0.6
2023-12-11,0.0,5.0,191.14928,No-BG,0.0,0.6
2023-12-11,0.0,6.0,128.722,BG,0.0,0.6
2023-12-11,0.0,6.0,177.14935,No-BG,0.0,0.6
2023-12-11,0.0,7.0,126.39994,BG,0.0,0.6
2023-12-11,0.0,7.0,165.45805,No-BG,0.0,0.6
2023-12-11,0.0,8.0,124.29456,BG,0.0,0.6
2023-12-11,0.0,8.0,156.08125,No-BG,0.0,0.6
2023-12-11,0.0,9.0,122.92636,BG,0.0,0.6
2023-12-11,0.0,9.0,148.08942,No-BG,0.0,0.6
2023-12-11,0.0,10.0,122.47046,BG,0.0,0.6
2023-12-11,0.0,10.0,142.72702,No-BG,0.0,0.6
2023-12-11,0.0,11.0,122.41549,BG,0.0,0.6
2023-12-11,0.0,11.0,139.82515,No-BG,0.0,0.6
2023-12-11,0.0,12.0,121.729935,BG,0.0,0.6
2023-12-11,0.0,12.0,136.67537,No-BG,0.0,0.6
2023-12-11,0.0,13.0,121.70409,BG,0.0,0.6
2023-12-11,0.0,13.0,135.24452,No-BG,0.0,0.6
2023-12-11,0.0,14.0,121.8509,BG,0.0,0.6
2023-12-11,0.0,14.0,136.22845,No-BG,0.0,0.6
2023-12-14,7.0,0.0,199.21089,BG,0.0,0.6
2023-12-14,7.0,0.0,282.13214,No-BG,0.0,0.6
2023-12-14,7.0,1.0,153.0831,BG,0.0,0.6
2023-12-14,7.0,1.0,248.81364,No-BG,0.0,0.6
2023-12-14,7.0,2.0,141.22383,BG,0.0,0.6
2023-12-14,7.0,2.0,223.33116,No-BG,0.0,0.6
2023-12-14,7.0,3.0,133.15114,BG,0.0,0.6
2023-12-14,7.0,3.0,203.29402,No-BG,0.0,0.6
2023-12-14,7.0,4.0,128.92815,BG,0.0,0.6
2023-12-14,7.0,4.0,189.00919,No-BG,0.0,0.6
2023-12-14,7.0,5.0,127.690605,BG,0.0,0.6
2023-12-14,7.0,5.0,178.54979,No-BG,0.0,0.6
2023-12-14,7.0,6.0,126.97691,BG,0.0,0.6
2023-12-14,7.0,6.0,171.00897,No-BG,0.0,0.6
2023-12-14,7.0,7.0,128.37071,BG,0.0,0.6
2023-12-14,7.0,7.0,167.42188,No-BG,0.0,0.6
2023-12-14,7.0,8.0,124.737274,BG,0.0,0.6
2023-12-14,7.0,8.0,161.49014,No-BG,0.0,0.6
2023-12-14,7.0,9.0,123.00008,BG,0.0,0.6
2023-12-14,7.0,9.0,157.94154,No-BG,0.0,0.6
2023-12-14,7.0,10.0,121.34704,BG,0.0,0.6
2023-12-14,7.0,10.0,154.11162,No-BG,0.0,0.6
2023-12-14,7.0,11.0,119.72961,BG,0.0,0.6
2023-12-14,7.0,11.0,149.65866,No-BG,0.0,0.6
2023-12-14,7.0,12.0,118.05526,BG,0.0,0.6
2023-12-14,7.0,12.0,145.3038,No-BG,0.0,0.6
2023-12-14,7.0,13.0,117.73914,BG,0.0,0.6
2023-12-14,7.0,13.0,143.28009,No-BG,0.0,0.6
2023-12-14,7.0,14.0,116.34525,BG,0.0,0.6
2023-12-14,7.0,14.0,139.81917,No-BG,0.0,0.6
2023-12-14,2.0,0.0,162.22348,BG,0.0,0.6
2023-12-14,2.0,0.0,205.6112,No-BG,0.0,0.6
2023-12-14,2.0,1.0,141.97725,BG,0.0,0.6
2023-12-14,2.0,1.0,195.47844,No-BG,0.0,0.6
2023-12-14,2.0,2.0,139.2722,BG,0.0,0.6
2023-12-14,2.0,2.0,187.41765,No-BG,0.0,0.6
2023-12-14,2.0,3.0,130.16965,BG,0.0,0.6
2023-12-14,2.0,3.0,173.56482,No-BG,0.0,0.6
2023-12-14,2.0,4.0,122.46758,BG,0.0,0.6
2023-12-14,2.0,4.0,161.68448,No-BG,0.0,0.6
2023-12-14,2.0,5.0,116.643875,BG,0.0,0.6
2023-12-14,2.0,5.0,153.08011,No-BG,0.0,0.6
2023-12-14,2.0,6.0,113.78858,BG,0.0,0.6
2023-12-14,2.0,6.0,146.5442,No-BG,0.0,0.6
2023-12-14,2.0,7.0,112.01566,BG,0.0,0.6
2023-12-14,2.0,7.0,141.77155,No-BG,0.0,0.6
2023-12-14,2.0,8.0,112.6556,BG,0.0,0.6
2023-12-14,2.0,8.0,141.39803,No-BG,0.0,0.6
2023-12-14,2.0,9.0,109.38865,BG,0.0,0.6
2023-12-14,2.0,9.0,135.79358,No-BG,0.0,0.6
2023-12-14,2.0,10.0,108.42119,BG,0.0,0.6
2023-12-14,2.0,10.0,133.31082,No-BG,0.0,0.6
2023-12-14,2.0,11.0,110.18862,BG,0.0,0.6
2023-12-14,2.0,11.0,131.18204,No-BG,0.0,0.6
2023-12-14,2.0,12.0,110.988106,BG,0.0,0.6
2023-12-14,2.0,12.0,130.20236,No-BG,0.0,0.6
2023-12-14,2.0,13.0,110.49213,BG,0.0,0.6
2023-12-14,2.0,13.0,127.27954,No-BG,0.0,0.6
2023-12-14,2.0,14.0,112.69908,BG,0.0,0.6
2023-12-14,2.0,14.0,127.36623,No-BG,0.0,0.6
2023-12-14,8.0,0.0,38.33751,BG,1.0,0.6
2023-12-14,8.0,0.0,275.8935,No-BG,1.0,0.6
2023-12-14,8.0,1.0,13.262473,BG,1.0,0.6
2023-12-14,8.0,1.0,210.72366,No-BG,1.0,0.6
2023-12-14,8.0,2.0,11.852771,BG,1.0,0.6
2023-12-14,8.0,2.0,166.0465,No-BG,1.0,0.6
2023-12-14,8.0,3.0,12.001209,BG,1.0,0.6
2023-12-14,8.0,3.0,131.11865,No-BG,1.0,0.6
2023-12-14,8.0,4.0,11.895782,BG,1.0,0.6
2023-12-14,8.0,4.0,99.17671,No-BG,1.0,0.6
2023-12-14,8.0,5.0,12.3515835,BG,1.0,0.6
2023-12-14,8.0,5.0,86.035446,No-BG,1.0,0.6
2023-12-14,8.0,6.0,10.627166,BG,1.0,0.6
2023-12-14,8.0,6.0,81.608444,No-BG,1.0,0.6
2023-12-14,8.0,7.0,11.891128,BG,1.0,0.6
2023-12-14,8.0,7.0,76.8713,No-BG,1.0,0.6
2023-12-14,8.0,8.0,12.408684,BG,1.0,0.6
2023-12-14,8.0,8.0,72.2464,No-BG,1.0,0.6
2023-12-14,8.0,9.0,13.2484455,BG,1.0,0.6
2023-12-14,8.0,9.0,67.636856,No-BG,1.0,0.6
2023-12-14,8.0,10.0,13.789034,BG,1.0,0.6
2023-12-14,8.0,10.0,63.34671,No-BG,1.0,0.6
2023-12-14,8.0,11.0,12.754398,BG,1.0,0.6
2023-12-14,8.0,11.0,60.880917,No-BG,1.0,0.6
2023-12-14,8.0,12.0,13.129531,BG,1.0,0.6
2023-12-14,8.0,12.0,59.53476,No-BG,1.0,0.6
2023-12-14,8.0,13.0,15.7358885,BG,1.0,0.6
2023-12-14,8.0,13.0,59.361176,No-BG,1.0,0.6
2023-12-14,8.0,14.0,13.993185,BG,1.0,0.6
2023-12-14,8.0,14.0,57.61211,No-BG,1.0,0.6
2023-12-14,1.0,0.0,61.416634,BG,1.0,0.6
2023-12-14,1.0,0.0,271.6746,No-BG,1.0,0.6
2023-12-14,1.0,1.0,27.975653,BG,1.0,0.6
2023-12-14,1.0,1.0,198.10013,No-BG,1.0,0.6
2023-12-14,1.0,2.0,27.935656,BG,1.0,0.6
2023-12-14,1.0,2.0,139.88493,No-BG,1.0,0.6
2023-12-14,1.0,3.0,26.31061,BG,1.0,0.6
2023-12-14,1.0,3.0,113.826706,No-BG,1.0,0.6
2023-12-14,1.0,4.0,24.364538,BG,1.0,0.6
2023-12-14,1.0,4.0,108.28116,No-BG,1.0,0.6
2023-12-14,1.0,5.0,22.407106,BG,1.0,0.6
2023-12-14,1.0,5.0,105.14221,No-BG,1.0,0.6
2023-12-14,1.0,6.0,23.293213,BG,1.0,0.6
2023-12-14,1.0,6.0,102.976524,No-BG,1.0,0.6
2023-12-14,1.0,7.0,22.699146,BG,1.0,0.6
2023-12-14,1.0,7.0,99.52056,No-BG,1.0,0.6
2023-12-14,1.0,8.0,23.12741,BG,1.0,0.6
2023-12-14,1.0,8.0,97.27327,No-BG,1.0,0.6
2023-12-14,1.0,9.0,21.948526,BG,1.0,0.6
2023-12-14,1.0,9.0,94.587814,No-BG,1.0,0.6
2023-12-14,1.0,10.0,22.03482,BG,1.0,0.6
2023-12-14,1.0,10.0,91.171906,No-BG,1.0,0.6
2023-12-14,1.0,11.0,22.140766,BG,1.0,0.6
2023-12-14,1.0,11.0,86.35773,No-BG,1.0,0.6
2023-12-14,1.0,12.0,22.489239,BG,1.0,0.6
2023-12-14,1.0,12.0,81.30072,No-BG,1.0,0.6
2023-12-14,1.0,13.0,22.532433,BG,1.0,0.6
2023-12-14,1.0,13.0,76.12043,No-BG,1.0,0.6
2023-12-14,1.0,14.0,22.6227,BG,1.0,0.6
2023-12-14,1.0,14.0,72.16726,No-BG,1.0,0.6
2023-12-14,5.0,0.0,47.688374,BG,1.0,0.6
2023-12-14,5.0,0.0,157.46893,No-BG,1.0,0.6
2023-12-14,5.0,1.0,20.408932,BG,1.0,0.6
2023-12-14,5.0,1.0,128.91313,No-BG,1.0,0.6
2023-12-14,5.0,2.0,21.100132,BG,1.0,0.6
2023-12-14,5.0,2.0,111.83104,No-BG,1.0,0.6
2023-12-14,5.0,3.0,18.225042,BG,1.0,0.6
2023-12-14,5.0,3.0,104.90402,No-BG,1.0,0.6
2023-12-14,5.0,4.0,16.65086,BG,1.0,0.6
2023-12-14,5.0,4.0,98.43405,No-BG,1.0,0.6
2023-12-14,5.0,5.0,17.426565,BG,1.0,0.6
2023-12-14,5.0,5.0,93.62102,No-BG,1.0,0.6
2023-12-14,5.0,6.0,15.849281,BG,1.0,0.6
2023-12-14,5.0,6.0,85.87238,No-BG,1.0,0.6
2023-12-14,5.0,7.0,16.70183,BG,1.0,0.6
2023-12-14,5.0,7.0,79.43168,No-BG,1.0,0.6
2023-12-14,5.0,8.0,19.726093,BG,1.0,0.6
2023-12-14,5.0,8.0,73.66709,No-BG,1.0,0.6
2023-12-14,5.0,9.0,19.367285,BG,1.0,0.6
2023-12-14,5.0,9.0,72.93311,No-BG,1.0,0.6
2023-12-14,5.0,10.0,18.853529,BG,1.0,0.6
2023-12-14,5.0,10.0,69.52761,No-BG,1.0,0.6
2023-12-14,5.0,11.0,18.89493,BG,1.0,0.6
2023-12-14,5.0,11.0,67.51665,No-BG,1.0,0.6
2023-12-14,5.0,12.0,17.758877,BG,1.0,0.6
2023-12-14,5.0,12.0,65.61273,No-BG,1.0,0.6
2023-12-14,5.0,13.0,17.447535,BG,1.0,0.6
2023-12-14,5.0,13.0,63.46125,No-BG,1.0,0.6
2023-12-14,5.0,14.0,17.200651,BG,1.0,0.6
2023-12-14,5.0,14.0,61.69338,No-BG,1.0,0.6
2023-12-14,3.0,0.0,87.49197,BG,1.0,0.6
2023-12-14,3.0,0.0,342.56104,No-BG,1.0,0.6
2023-12-14,3.0,1.0,30.279167,BG,1.0,0.6
2023-12-14,3.0,1.0,298.77234,No-BG,1.0,0.6
2023-12-14,3.0,2.0,14.516544,BG,1.0,0.6
2023-12-14,3.0,2.0,255.63179,No-BG,1.0,0.6
2023-12-14,3.0,3.0,11.278516,BG,1.0,0.6
2023-12-14,3.0,3.0,214.52315,No-BG,1.0,0.6
2023-12-14,3.0,4.0,10.718234,BG,1.0,0.6
2023-12-14,3.0,4.0,178.04259,No-BG,1.0,0.6
2023-12-14,3.0,5.0,10.587619,BG,1.0,0.6
2023-12-14,3.0,5.0,148.12764,No-BG,1.0,0.6
2023-12-14,3.0,6.0,9.478568,BG,1.0,0.6
2023-12-14,3.0,6.0,124.49198,No-BG,1.0,0.6
2023-12-14,3.0,7.0,9.418567,BG,1.0,0.6
2023-12-14,3.0,7.0,109.390594,No-BG,1.0,0.6
2023-12-14,3.0,8.0,10.735105,BG,1.0,0.6
2023-12-14,3.0,8.0,101.42806,No-BG,1.0,0.6
2023-12-14,3.0,9.0,11.1838455,BG,1.0,0.6
2023-12-14,3.0,9.0,98.161705,No-BG,1.0,0.6
2023-12-14,3.0,10.0,9.594986,BG,1.0,0.6
2023-12-14,3.0,10.0,95.77621,No-BG,1.0,0.6
2023-12-14,3.0,11.0,10.716331,BG,1.0,0.6
2023-12-14,3.0,11.0,94.24299,No-BG,1.0,0.6
2023-12-14,3.0,12.0,11.553839,BG,1.0,0.6
2023-12-14,3.0,12.0,92.763565,No-BG,1.0,0.6
2023-12-14,3.0,13.0,11.396518,BG,1.0,0.6
2023-12-14,3.0,13.0,90.56556,No-BG,1.0,0.6
2023-12-14,3.0,14.0,11.473308,BG,1.0,0.6
2023-12-14,3.0,14.0,89.73988,No-BG,1.0,0.6
2023-12-14,0.0,0.0,194.01169,BG,0.0,0.6
2023-12-14,0.0,0.0,209.45836,No-BG,0.0,0.6
2023-12-14,0.0,1.0,170.34833,BG,0.0,0.6
2023-12-14,0.0,1.0,196.07866,No-BG,0.0,0.6
2023-12-14,0.0,2.0,164.76222,BG,0.0,0.6
2023-12-14,0.0,2.0,192.37204,No-BG,0.0,0.6
2023-12-14,0.0,3.0,176.8696,BG,0.0,0.6
2023-12-14,0.0,3.0,203.6795,No-BG,0.0,0.6
2023-12-14,0.0,4.0,164.98418,BG,0.0,0.6
2023-12-14,0.0,4.0,194.06233,No-BG,0.0,0.6
2023-12-14,0.0,5.0,145.72328,BG,0.0,0.6
2023-12-14,0.0,5.0,173.89987,No-BG,0.0,0.6
2023-12-14,0.0,6.0,137.6736,BG,0.0,0.6
2023-12-14,0.0,6.0,167.51659,No-BG,0.0,0.6
2023-12-14,0.0,7.0,130.68906,BG,0.0,0.6
2023-12-14,0.0,7.0,161.4518,No-BG,0.0,0.6
2023-12-14,0.0,8.0,138.19855,BG,0.0,0.6
2023-12-14,0.0,8.0,168.22662,No-BG,0.0,0.6
2023-12-14,0.0,9.0,132.71922,BG,0.0,0.6
2023-12-14,0.0,9.0,164.01286,No-BG,0.0,0.6
2023-12-14,0.0,10.0,125.01063,BG,0.0,0.6
2023-12-14,0.0,10.0,155.53569,No-BG,0.0,0.6
2023-12-14,0.0,11.0,120.6966,BG,0.0,0.6
2023-12-14,0.0,11.0,152.1856,No-BG,0.0,0.6
2023-12-14,0.0,12.0,117.50681,BG,0.0,0.6
2023-12-14,0.0,12.0,148.49048,No-BG,0.0,0.6
2023-12-14,0.0,13.0,117.50453,BG,0.0,0.6
2023-12-14,0.0,13.0,145.64587,No-BG,0.0,0.6
2023-12-14,0.0,14.0,128.96893,BG,0.0,0.6
2023-12-14,0.0,14.0,155.92993,No-BG,0.0,0.6
2023-12-14,4.0,0.0,249.87854,BG,0.0,0.6
2023-12-14,4.0,0.0,286.56375,No-BG,0.0,0.6
2023-12-14,4.0,1.0,202.76958,BG,0.0,0.6
2023-12-14,4.0,1.0,250.75359,No-BG,0.0,0.6
2023-12-14,4.0,2.0,183.60312,BG,0.0,0.6
2023-12-14,4.0,2.0,231.79276,No-BG,0.0,0.6
2023-12-14,4.0,3.0,162.47324,BG,0.0,0.6
2023-12-14,4.0,3.0,223.22844,No-BG,0.0,0.6
2023-12-14,4.0,4.0,141.88293,BG,0.0,0.6
2023-12-14,4.0,4.0,212.244,No-BG,0.0,0.6
2023-12-14,4.0,5.0,131.05887,BG,0.0,0.6
2023-12-14,4.0,5.0,202.10349,No-BG,0.0,0.6
2023-12-14,4.0,6.0,126.20158,BG,0.0,0.6
2023-12-14,4.0,6.0,193.21225,No-BG,0.0,0.6
2023-12-14,4.0,7.0,123.62401,BG,0.0,0.6
2023-12-14,4.0,7.0,183.33296,No-BG,0.0,0.6
2023-12-14,4.0,8.0,123.835106,BG,0.0,0.6
2023-12-14,4.0,8.0,175.15256,No-BG,0.0,0.6
2023-12-14,4.0,9.0,127.77244,BG,0.0,0.6
2023-12-14,4.0,9.0,172.86185,No-BG,0.0,0.6
2023-12-14,4.0,10.0,129.26054,BG,0.0,0.6
2023-12-14,4.0,10.0,170.01613,No-BG,0.0,0.6
2023-12-14,4.0,11.0,126.529915,BG,0.0,0.6
2023-12-14,4.0,11.0,164.95206,No-BG,0.0,0.6
2023-12-14,4.0,12.0,121.92621,BG,0.0,0.6
2023-12-14,4.0,12.0,155.74687,No-BG,0.0,0.6
2023-12-14,4.0,13.0,121.51095,BG,0.0,0.6
2023-12-14,4.0,13.0,151.34985,No-BG,0.0,0.6
2023-12-14,4.0,14.0,122.949486,BG,0.0,0.6
2023-12-14,4.0,14.0,149.29585,No-BG,0.0,0.6
2023-12-13,7.0,0.0,41.23624,BG,1.0,0.6
2023-12-13,7.0,0.0,127.81113,No-BG,1.0,0.6
2023-12-13,7.0,1.0,19.509493,BG,1.0,0.6
2023-12-13,7.0,1.0,115.9996,No-BG,1.0,0.6
2023-12-13,7.0,2.0,15.134787,BG,1.0,0.6
2023-12-13,7.0,2.0,108.01988,No-BG,1.0,0.6
2023-12-13,7.0,3.0,13.753144,BG,1.0,0.6
2023-12-13,7.0,3.0,98.582825,No-BG,1.0,0.6
2023-12-13,7.0,4.0,13.951991,BG,1.0,0.6
2023-12-13,7.0,4.0,92.726,No-BG,1.0,0.6
2023-12-13,7.0,5.0,12.903313,BG,1.0,0.6
2023-12-13,7.0,5.0,87.9099,No-BG,1.0,0.6
2023-12-13,7.0,6.0,13.017608,BG,1.0,0.6
2023-12-13,7.0,6.0,83.59963,No-BG,1.0,0.6
2023-12-13,7.0,7.0,11.857638,BG,1.0,0.6
2023-12-13,7.0,7.0,80.34417,No-BG,1.0,0.6
2023-12-13,7.0,8.0,12.10924,BG,1.0,0.6
2023-12-13,7.0,8.0,77.304825,No-BG,1.0,0.6
2023-12-13,7.0,9.0,12.064,BG,1.0,0.6
2023-12-13,7.0,9.0,74.3857,No-BG,1.0,0.6
2023-12-13,7.0,10.0,11.686729,BG,1.0,0.6
2023-12-13,7.0,10.0,71.5439,No-BG,1.0,0.6
2023-12-13,7.0,11.0,12.339324,BG,1.0,0.6
2023-12-13,7.0,11.0,69.697136,No-BG,1.0,0.6
2023-12-13,7.0,12.0,12.570573,BG,1.0,0.6
2023-12-13,7.0,12.0,68.391914,No-BG,1.0,0.6
2023-12-13,7.0,13.0,11.245302,BG,1.0,0.6
2023-12-13,7.0,13.0,65.33961,No-BG,1.0,0.6
2023-12-13,7.0,14.0,12.340545,BG,1.0,0.6
2023-12-13,7.0,14.0,62.564877,No-BG,1.0,0.6
2023-12-13,2.0,0.0,171.9403,BG,0.0,0.6
2023-12-13,2.0,0.0,190.63109,No-BG,0.0,0.6
2023-12-13,2.0,1.0,173.05365,BG,0.0,0.6
2023-12-13,2.0,1.0,197.00064,No-BG,0.0,0.6
2023-12-13,2.0,2.0,151.18254,BG,0.0,0.6
2023-12-13,2.0,2.0,177.85378,No-BG,0.0,0.6
2023-12-13,2.0,3.0,138.77782,BG,0.0,0.6
2023-12-13,2.0,3.0,162.22017,No-BG,0.0,0.6
2023-12-13,2.0,4.0,130.84816,BG,0.0,0.6
2023-12-13,2.0,4.0,153.08046,No-BG,0.0,0.6
2023-12-13,2.0,5.0,131.89272,BG,0.0,0.6
2023-12-13,2.0,5.0,153.35403,No-BG,0.0,0.6
2023-12-13,2.0,6.0,125.68356,BG,0.0,0.6
2023-12-13,2.0,6.0,144.5876,No-BG,0.0,0.6
2023-12-13,2.0,7.0,121.79285,BG,0.0,0.6
2023-12-13,2.0,7.0,138.36331,No-BG,0.0,0.6
2023-12-13,2.0,8.0,119.30264,BG,0.0,0.6
2023-12-13,2.0,8.0,133.58044,No-BG,0.0,0.6
2023-12-13,2.0,9.0,117.01388,BG,0.0,0.6
2023-12-13,2.0,9.0,130.51971,No-BG,0.0,0.6
2023-12-13,2.0,10.0,118.8328,BG,0.0,0.6
2023-12-13,2.0,10.0,132.34285,No-BG,0.0,0.6
2023-12-13,2.0,11.0,116.42279,BG,0.0,0.6
2023-12-13,2.0,11.0,128.97362,No-BG,0.0,0.6
2023-12-13,2.0,12.0,115.72436,BG,0.0,0.6
2023-12-13,2.0,12.0,129.43263,No-BG,0.0,0.6
2023-12-13,2.0,13.0,116.25132,BG,0.0,0.6
2023-12-13,2.0,13.0,127.88567,No-BG,0.0,0.6
2023-12-13,2.0,14.0,114.02458,BG,0.0,0.6
2023-12-13,2.0,14.0,126.540375,No-BG,0.0,0.6
2023-12-13,8.0,0.0,369.47318,BG,0.0,0.6
2023-12-13,8.0,0.0,445.43262,No-BG,0.0,0.6
2023-12-13,8.0,1.0,258.66187,BG,0.0,0.6
2023-12-13,8.0,1.0,367.4571,No-BG,0.0,0.6
2023-12-13,8.0,2.0,207.44687,BG,0.0,0.6
2023-12-13,8.0,2.0,310.01154,No-BG,0.0,0.6
2023-12-13,8.0,3.0,177.29242,BG,0.0,0.6
2023-12-13,8.0,3.0,267.6396,No-BG,0.0,0.6
2023-12-13,8.0,4.0,160.65318,BG,0.0,0.6
2023-12-13,8.0,4.0,238.7375,No-BG,0.0,0.6
2023-12-13,8.0,5.0,150.77211,BG,0.0,0.6
2023-12-13,8.0,5.0,218.67078,No-BG,0.0,0.6
2023-12-13,8.0,6.0,146.11195,BG,0.0,0.6
2023-12-13,8.0,6.0,204.45724,No-BG,0.0,0.6
2023-12-13,8.0,7.0,144.1775,BG,0.0,0.6
2023-12-13,8.0,7.0,199.072,No-BG,0.0,0.6
2023-12-13,8.0,8.0,143.41217,BG,0.0,0.6
2023-12-13,8.0,8.0,194.71783,No-BG,0.0,0.6
2023-12-13,8.0,9.0,141.05519,BG,0.0,0.6
2023-12-13,8.0,9.0,189.704,No-BG,0.0,0.6
2023-12-13,8.0,10.0,136.25247,BG,0.0,0.6
2023-12-13,8.0,10.0,182.53064,No-BG,0.0,0.6
2023-12-13,8.0,11.0,128.44481,BG,0.0,0.6
2023-12-13,8.0,11.0,171.84444,No-BG,0.0,0.6
2023-12-13,8.0,12.0,124.01794,BG,0.0,0.6
2023-12-13,8.0,12.0,164.65285,No-BG,0.0,0.6
2023-12-13,8.0,13.0,123.864174,BG,0.0,0.6
2023-12-13,8.0,13.0,161.61012,No-BG,0.0,0.6
2023-12-13,8.0,14.0,128.7777,BG,0.0,0.6
2023-12-13,8.0,14.0,163.60378,No-BG,0.0,0.6
2023-12-13,1.0,0.0,75.054184,BG,1.0,0.6
2023-12-13,1.0,0.0,232.27946,No-BG,1.0,0.6
2023-12-13,1.0,1.0,54.61183,BG,1.0,0.6
2023-12-13,1.0,1.0,176.12558,No-BG,1.0,0.6
2023-12-13,1.0,2.0,48.69595,BG,1.0,0.6
2023-12-13,1.0,2.0,134.54675,No-BG,1.0,0.6
2023-12-13,1.0,3.0,44.784855,BG,1.0,0.6
2023-12-13,1.0,3.0,106.439445,No-BG,1.0,0.6
2023-12-13,1.0,4.0,43.580257,BG,1.0,0.6
2023-12-13,1.0,4.0,95.628395,No-BG,1.0,0.6
2023-12-13,1.0,5.0,42.629574,BG,1.0,0.6
2023-12-13,1.0,5.0,89.435295,No-BG,1.0,0.6
2023-12-13,1.0,6.0,40.78419,BG,1.0,0.6
2023-12-13,1.0,6.0,82.41888,No-BG,1.0,0.6
2023-12-13,1.0,7.0,40.55755,BG,1.0,0.6
2023-12-13,1.0,7.0,78.44046,No-BG,1.0,0.6
2023-12-13,1.0,8.0,40.22305,BG,1.0,0.6
2023-12-13,1.0,8.0,77.2809,No-BG,1.0,0.6
2023-12-13,1.0,9.0,39.492046,BG,1.0,0.6
2023-12-13,1.0,9.0,79.16542,No-BG,1.0,0.6
2023-12-13,1.0,10.0,37.87065,BG,1.0,0.6
2023-12-13,1.0,10.0,75.86022,No-BG,1.0,0.6
2023-12-13,1.0,11.0,38.111084,BG,1.0,0.6
2023-12-13,1.0,11.0,75.465576,No-BG,1.0,0.6
2023-12-13,1.0,12.0,41.209282,BG,1.0,0.6
2023-12-13,1.0,12.0,75.57296,No-BG,1.0,0.6
2023-12-13,1.0,13.0,39.26705,BG,1.0,0.6
2023-12-13,1.0,13.0,73.26665,No-BG,1.0,0.6
2023-12-13,1.0,14.0,38.88741,BG,1.0,0.6
2023-12-13,1.0,14.0,72.45833,No-BG,1.0,0.6
2023-12-13,5.0,0.0,71.13247,BG,1.0,0.6
2023-12-13,5.0,0.0,303.56177,No-BG,1.0,0.6
2023-12-13,5.0,1.0,14.857604,BG,1.0,0.6
2023-12-13,5.0,1.0,255.55894,No-BG,1.0,0.6
2023-12-13,5.0,2.0,12.607776,BG,1.0,0.6
2023-12-13,5.0,2.0,213.45358,No-BG,1.0,0.6
2023-12-13,5.0,3.0,13.020073,BG,1.0,0.6
2023-12-13,5.0,3.0,175.76994,No-BG,1.0,0.6
2023-12-13,5.0,4.0,16.168718,BG,1.0,0.6
2023-12-13,5.0,4.0,144.01733,No-BG,1.0,0.6
2023-12-13,5.0,5.0,17.613972,BG,1.0,0.6
2023-12-13,5.0,5.0,117.86875,No-BG,1.0,0.6
2023-12-13,5.0,6.0,19.301159,BG,1.0,0.6
2023-12-13,5.0,6.0,98.03663,No-BG,1.0,0.6
2023-12-13,5.0,7.0,22.0449,BG,1.0,0.6
2023-12-13,5.0,7.0,85.183075,No-BG,1.0,0.6
2023-12-13,5.0,8.0,22.608692,BG,1.0,0.6
2023-12-13,5.0,8.0,78.63936,No-BG,1.0,0.6
2023-12-13,5.0,9.0,21.236141,BG,1.0,0.6
2023-12-13,5.0,9.0,75.595314,No-BG,1.0,0.6
2023-12-13,5.0,10.0,18.330984,BG,1.0,0.6
2023-12-13,5.0,10.0,75.512764,No-BG,1.0,0.6
2023-12-13,5.0,11.0,17.623827,BG,1.0,0.6
2023-12-13,5.0,11.0,72.73786,No-BG,1.0,0.6
2023-12-13,5.0,12.0,20.028433,BG,1.0,0.6
2023-12-13,5.0,12.0,71.74337,No-BG,1.0,0.6
2023-12-13,5.0,13.0,20.25681,BG,1.0,0.6
2023-12-13,5.0,13.0,72.783325,No-BG,1.0,0.6
2023-12-13,5.0,14.0,19.37242,BG,1.0,0.6
2023-12-13,5.0,14.0,70.01409,No-BG,1.0,0.6
2023-12-13,3.0,0.0,46.975533,BG,1.0,0.6
2023-12-13,3.0,0.0,245.3105,No-BG,1.0,0.6
2023-12-13,3.0,1.0,6.8926873,BG,1.0,0.6
2023-12-13,3.0,1.0,224.0758,No-BG,1.0,0.6
2023-12-13,3.0,2.0,6.488613,BG,1.0,0.6
2023-12-13,3.0,2.0,202.70604,No-BG,1.0,0.6
2023-12-13,3.0,3.0,6.660202,BG,1.0,0.6
2023-12-13,3.0,3.0,182.8365,No-BG,1.0,0.6
2023-12-13,3.0,4.0,6.45343,BG,1.0,0.6
2023-12-13,3.0,4.0,163.24008,No-BG,1.0,0.6
2023-12-13,3.0,5.0,5.734448,BG,1.0,0.6
2023-12-13,3.0,5.0,130.68515,No-BG,1.0,0.6
2023-12-13,3.0,6.0,4.897247,BG,1.0,0.6
2023-12-13,3.0,6.0,103.663284,No-BG,1.0,0.6
2023-12-13,3.0,7.0,4.81697,BG,1.0,0.6
2023-12-13,3.0,7.0,99.17834,No-BG,1.0,0.6
2023-12-13,3.0,8.0,5.8165045,BG,1.0,0.6
2023-12-13,3.0,8.0,95.33317,No-BG,1.0,0.6
2023-12-13,3.0,9.0,7.43353,BG,1.0,0.6
2023-12-13,3.0,9.0,91.152145,No-BG,1.0,0.6
2023-12-13,3.0,10.0,8.379697,BG,1.0,0.6
2023-12-13,3.0,10.0,87.47788,No-BG,1.0,0.6
2023-12-13,3.0,11.0,8.072059,BG,1.0,0.6
2023-12-13,3.0,11.0,81.83644,No-BG,1.0,0.6
2023-12-13,3.0,12.0,8.454912,BG,1.0,0.6
2023-12-13,3.0,12.0,78.50006,No-BG,1.0,0.6
2023-12-13,3.0,13.0,8.519863,BG,1.0,0.6
2023-12-13,3.0,13.0,76.12616,No-BG,1.0,0.6
2023-12-13,3.0,14.0,9.250484,BG,1.0,0.6
2023-12-13,3.0,14.0,74.03986,No-BG,1.0,0.6
2023-12-13,6.0,0.0,263.68448,BG,0.0,0.6
2023-12-13,6.0,0.0,395.52368,No-BG,0.0,0.6
2023-12-13,6.0,1.0,188.08879,BG,0.0,0.6
2023-12-13,6.0,1.0,338.85986,No-BG,0.0,0.6
2023-12-13,6.0,2.0,171.84831,BG,0.0,0.6
2023-12-13,6.0,2.0,301.04883,No-BG,0.0,0.6
2023-12-13,6.0,3.0,165.18842,BG,0.0,0.6
2023-12-13,6.0,3.0,278.50943,No-BG,0.0,0.6
2023-12-13,6.0,4.0,159.29886,BG,0.0,0.6
2023-12-13,6.0,4.0,266.67453,No-BG,0.0,0.6
2023-12-13,6.0,5.0,149.526,BG,0.0,0.6
2023-12-13,6.0,5.0,250.9987,No-BG,0.0,0.6
2023-12-13,6.0,6.0,144.47188,BG,0.0,0.6
2023-12-13,6.0,6.0,238.87637,No-BG,0.0,0.6
2023-12-13,6.0,7.0,144.09364,BG,0.0,0.6
2023-12-13,6.0,7.0,230.54233,No-BG,0.0,0.6
2023-12-13,6.0,8.0,146.69424,BG,0.0,0.6
2023-12-13,6.0,8.0,226.114,No-BG,0.0,0.6
2023-12-13,6.0,9.0,148.39032,BG,0.0,0.6
2023-12-13,6.0,9.0,224.01584,No-BG,0.0,0.6
2023-12-13,6.0,10.0,142.03546,BG,0.0,0.6
2023-12-13,6.0,10.0,214.96141,No-BG,0.0,0.6
2023-12-13,6.0,11.0,138.85214,BG,0.0,0.6
2023-12-13,6.0,11.0,208.99446,No-BG,0.0,0.6
2023-12-13,6.0,12.0,144.691,BG,0.0,0.6
2023-12-13,6.0,12.0,210.98416,No-BG,0.0,0.6
2023-12-13,6.0,13.0,139.04279,BG,0.0,0.6
2023-12-13,6.0,13.0,203.91235,No-BG,0.0,0.6
2023-12-13,6.0,14.0,138.70055,BG,0.0,0.6
2023-12-13,6.0,14.0,201.22914,No-BG,0.0,0.6
2023-12-13,9.0,0.0,42.54042,BG,1.0,0.6
2023-12-13,9.0,0.0,290.60638,No-BG,1.0,0.6
2023-12-13,9.0,1.0,10.063435,BG,1.0,0.6
2023-12-13,9.0,1.0,215.8808,No-BG,1.0,0.6
2023-12-13,9.0,2.0,9.505005,BG,1.0,0.6
2023-12-13,9.0,2.0,158.56746,No-BG,1.0,0.6
2023-12-13,9.0,3.0,10.509396,BG,1.0,0.6
2023-12-13,9.0,3.0,118.3766,No-BG,1.0,0.6
2023-12-13,9.0,4.0,8.120627,BG,1.0,0.6
2023-12-13,9.0,4.0,111.332146,No-BG,1.0,0.6
2023-12-13,9.0,5.0,5.40182,BG,1.0,0.6
2023-12-13,9.0,5.0,106.077415,No-BG,1.0,0.6
2023-12-13,9.0,6.0,6.6929507,BG,1.0,0.6
2023-12-13,9.0,6.0,101.31904,No-BG,1.0,0.6
2023-12-13,9.0,7.0,7.252196,BG,1.0,0.6
2023-12-13,9.0,7.0,96.660065,No-BG,1.0,0.6
2023-12-13,9.0,8.0,7.962574,BG,1.0,0.6
2023-12-13,9.0,8.0,92.31233,No-BG,1.0,0.6
2023-12-13,9.0,9.0,7.8449616,BG,1.0,0.6
2023-12-13,9.0,9.0,87.44502,No-BG,1.0,0.6
2023-12-13,9.0,10.0,8.609939,BG,1.0,0.6
2023-12-13,9.0,10.0,85.25638,No-BG,1.0,0.6
2023-12-13,9.0,11.0,7.523801,BG,1.0,0.6
2023-12-13,9.0,11.0,81.79988,No-BG,1.0,0.6
2023-12-13,9.0,12.0,7.873965,BG,1.0,0.6
2023-12-13,9.0,12.0,80.59491,No-BG,1.0,0.6
2023-12-13,9.0,13.0,8.450495,BG,1.0,0.6
2023-12-13,9.0,13.0,78.46773,No-BG,1.0,0.6
2023-12-13,9.0,14.0,8.9462385,BG,1.0,0.6
2023-12-13,9.0,14.0,77.626945,No-BG,1.0,0.6
2023-12-13,0.0,0.0,289.73572,BG,0.0,0.6
2023-12-13,0.0,0.0,320.15982,No-BG,0.0,0.6
2023-12-13,0.0,1.0,235.90517,BG,0.0,0.6
2023-12-13,0.0,1.0,285.45865,No-BG,0.0,0.6
2023-12-13,0.0,2.0,213.27596,BG,0.0,0.6
2023-12-13,0.0,2.0,260.2733,No-BG,0.0,0.6
2023-12-13,0.0,3.0,194.1993,BG,0.0,0.6
2023-12-13,0.0,3.0,235.25331,No-BG,0.0,0.6
2023-12-13,0.0,4.0,175.36604,BG,0.0,0.6
2023-12-13,0.0,4.0,210.5782,No-BG,0.0,0.6
2023-12-13,0.0,5.0,161.60648,BG,0.0,0.6
2023-12-13,0.0,5.0,188.95421,No-BG,0.0,0.6
2023-12-13,0.0,6.0,159.35071,BG,0.0,0.6
2023-12-13,0.0,6.0,178.958,No-BG,0.0,0.6
2023-12-13,0.0,7.0,165.422,BG,0.0,0.6
2023-12-13,0.0,7.0,181.73958,No-BG,0.0,0.6
2023-12-13,0.0,8.0,163.60973,BG,0.0,0.6
2023-12-13,0.0,8.0,179.56514,No-BG,0.0,0.6
2023-12-13,0.0,9.0,148.03021,BG,0.0,0.6
2023-12-13,0.0,9.0,162.33368,No-BG,0.0,0.6
2023-12-13,0.0,10.0,147.55879,BG,0.0,0.6
2023-12-13,0.0,10.0,159.53047,No-BG,0.0,0.6
2023-12-13,0.0,11.0,141.76863,BG,0.0,0.6
2023-12-13,0.0,11.0,154.0614,No-BG,0.0,0.6
2023-12-13,0.0,12.0,144.54115,BG,0.0,0.6
2023-12-13,0.0,12.0,154.47804,No-BG,0.0,0.6
2023-12-13,0.0,13.0,138.5914,BG,0.0,0.6
2023-12-13,0.0,13.0,148.659,No-BG,0.0,0.6
2023-12-13,0.0,14.0,138.15068,BG,0.0,0.6
2023-12-13,0.0,14.0,149.0879,No-BG,0.0,0.6
2023-12-13,4.0,0.0,446.23,BG,0.0,0.6
2023-12-13,4.0,0.0,551.0313,No-BG,0.0,0.6
2023-12-13,4.0,1.0,289.27527,BG,0.0,0.6
2023-12-13,4.0,1.0,466.1195,No-BG,0.0,0.6
2023-12-13,4.0,2.0,214.49428,BG,0.0,0.6
2023-12-13,4.0,2.0,395.1788,No-BG,0.0,0.6
2023-12-13,4.0,3.0,173.92667,BG,0.0,0.6
2023-12-13,4.0,3.0,340.0429,No-BG,0.0,0.6
2023-12-13,4.0,4.0,155.74704,BG,0.0,0.6
2023-12-13,4.0,4.0,300.8825,No-BG,0.0,0.6
2023-12-13,4.0,5.0,150.95267,BG,0.0,0.6
2023-12-13,4.0,5.0,277.6141,No-BG,0.0,0.6
2023-12-13,4.0,6.0,155.73744,BG,0.0,0.6
2023-12-13,4.0,6.0,270.5595,No-BG,0.0,0.6
2023-12-13,4.0,7.0,160.7601,BG,0.0,0.6
2023-12-13,4.0,7.0,275.34158,No-BG,0.0,0.6
2023-12-13,4.0,8.0,160.71349,BG,0.0,0.6
2023-12-13,4.0,8.0,276.9884,No-BG,0.0,0.6
2023-12-13,4.0,9.0,155.9441,BG,0.0,0.6
2023-12-13,4.0,9.0,268.14154,No-BG,0.0,0.6
2023-12-13,4.0,10.0,145.91869,BG,0.0,0.6
2023-12-13,4.0,10.0,251.75534,No-BG,0.0,0.6
2023-12-13,4.0,11.0,141.34685,BG,0.0,0.6
2023-12-13,4.0,11.0,241.67552,No-BG,0.0,0.6
2023-12-13,4.0,12.0,139.95601,BG,0.0,0.6
2023-12-13,4.0,12.0,233.61096,No-BG,0.0,0.6
2023-12-13,4.0,13.0,137.79556,BG,0.0,0.6
2023-12-13,4.0,13.0,226.53683,No-BG,0.0,0.6
2023-12-13,4.0,14.0,138.66727,BG,0.0,0.6
2023-12-13,4.0,14.0,223.48767,No-BG,0.0,0.6
